0,1,2
_,_,2
_,a,6
_,b,3
_,c,4
_,d,9
_,e,2
_,f,6
_,g,5
_,h,3
_,i,6
_,j,3
_,k,9
_,l,4
_,m,1
_,n,3
_,o,4
_,p,5
_,r,6
_,s,14
_,t,9
_,u,2
_,v,8
_,š,2
a,_,50
a,a,116773
a,b,27500
a,c,4412
a,d,74867
a,e,12139
a,f,3695
a,g,20094
a,h,10160
a,i,28582
a,j,30418
a,k,50514
a,l,179573
a,m,63188
a,n,134340
a,o,3828
a,p,19030
a,q,322
a,r,78807
a,s,159364
a,t,100671
a,u,23620
a,v,42916
a,w,1001
a,x,320
a,y,1684
a,z,1361
a,ß,52
a,ä,46
a,ç,11
a,é,17
a,ê,1
a,ë,64
a,í,22
a,î,4
a,ï,23
a,ð,31
a,ñ,28
a,õ,854
a,ö,31
a,ù,2
a,ú,21
a,ü,729
a,þ,3
a,č,18
a,ğ,20
a,ġ,1
a,ģ,1
a,ĩ,2
a,ļ,2
a,ł,104
a,ń,120
a,ņ,10
a,ň,1
a,œ,1
a,ř,3
a,ś,13
a,ş,38
a,š,299
a,ţ,33
a,ŭ,35
a,ż,7
a,ž,336
a,ǔ,6
a,ǧ,1
a,ș,8
a,ț,2
a,ɪ,2
a,ː,3
a,ˑ,1
a,β,1
a,ω,1
a,в,1
a,и,1
a,р,1
a,ḥ,2
a,ḩ,27
a,ṃ,3
a,ṇ,8
a,ṭ,1
a,ẖ,9
a,ﬁ,6
b,_,24
b,a,33034
b,b,885
b,c,102
b,d,199
b,e,30889
b,f,19
b,g,82
b,h,450
b,i,15540
b,j,953
b,k,257
b,l,4920
b,m,147
b,n,1300
b,o,9797
b,p,49
b,q,1
b,r,18043
b,s,1363
b,t,224
b,u,12139
b,v,45
b,w,39
b,x,9
b,y,1151
b,z,37
b,à,4
b,á,79
b,â,7
b,ä,1225
b,å,8
b,æ,10
b,è,1
b,é,122
b,ê,8
b,ë,1
b,ì,2
b,í,35
b,ò,7
b,ó,95
b,ô,4
b,õ,78
b,ö,509
b,ø,75
b,ù,1
b,ú,11
b,û,4
b,ü,1345
b,ý,2
b,ā,135
b,ă,27
b,ą,1
b,č,8
b,ē,27
b,ė,1
b,ę,11
b,ě,8
b,ī,61
b,ł,13
b,ō,3
b,ő,2
b,œ,4
b,ř,5
b,š,7
b,ũ,1
b,ū,32
b,ű,1
b,ż,1
b,ǎ,3
b,ɔ,1
b,ə,17
b,ɛ,1
b,ρ,1
b,ḩ,2
b,ả,3
b,ử,1
c,_,4
c,a,12704
c,b,69
c,c,1454
c,d,613
c,e,5912
c,f,79
c,g,78
c,h,20972
c,i,6097
c,j,26
c,k,4406
c,l,3449
c,m,952
c,n,112
c,o,12674
c,p,239
c,q,293
c,r,2852
c,s,483
c,t,1897
c,u,2035
c,v,84
c,w,13
c,x,11
c,y,554
c,z,563
c,²,1
c,à,2
c,á,54
c,â,10
c,ã,1
c,ä,4
c,æ,6
c,è,2
c,é,105
c,í,25
c,î,3
c,ó,61
c,ô,38
c,ö,7
c,ú,1
c,ü,2
c,ā,14
c,ă,16
c,ą,1
c,ē,29
c,ę,1
c,ī,8
c,ı,1
c,ł,22
c,œ,9
c,ş,1
c,ə,5
c,а,1
c,е,1
c,о,2
c,т,1
c,ả,2
c,ộ,1
c,ủ,1
c,ử,1
d,_,16
d,a,75271
d,b,202
d,c,167
d,d,1054
d,e,71951
d,f,250
d,g,562
d,h,714
d,i,56541
d,j,1357
d,k,793
d,l,3144
d,m,3374
d,n,1548
d,o,13619
d,p,217
d,q,5
d,r,14560
d,s,2519
d,t,879
d,u,36287
d,v,1662
d,w,1040
d,x,28
d,y,764
d,z,843
d,à,15
d,á,45
d,â,1
d,ä,56
d,æ,29
d,è,11
d,é,133
d,ê,3
d,ë,2
d,ì,8
d,í,43
d,ò,2
d,ó,49
d,ô,4
d,õ,218
d,ö,114
d,ø,15
d,ù,1
d,ú,12
d,û,2
d,ü,1299
d,ý,2
d,ā,37
d,ă,3
d,ą,24
d,č,3
d,ē,11
d,ė,1
d,ę,8
d,ě,23
d,ī,38
d,ı,8
d,ł,5
d,ņ,3
d,ō,48
d,ő,5
d,ř,18
d,ś,1
d,š,3
d,ũ,3
d,ū,12
d,ů,2
d,ų,1
d,ź,77
d,ž,833
d,ư,9
d,ƶ,1
d,ǎ,1
d,ȃ,1
d,ə,11
d,ʲ,1
d,ʹ,1
d,ụ,1
e,_,18
e,a,11545
e,b,11530
e,c,3310
e,d,53088
e,e,82516
e,f,2652
e,g,27116
e,h,16158
e,i,38375
e,j,6873
e,k,44969
e,l,126965
e,m,53010
e,n,91094
e,o,4431
e,p,9418
e,q,94
e,r,79940
e,s,142394
e,t,83647
e,u,9949
e,v,29349
e,w,937
e,x,2024
e,y,1916
e,z,791
e,ß,16
e,á,1
e,ä,171
e,å,18
e,é,3
e,í,1
e,ï,2
e,ñ,10
e,ó,5
e,õ,234
e,ö,26
e,ú,1
e,ü,344
e,ă,2
e,ć,1
e,č,13
e,ď,1
e,ģ,2
e,ķ,3
e,ļ,5
e,ł,83
e,ń,37
e,ņ,3
e,ō,6
e,ś,21
e,ş,6
e,š,170
e,ţ,1
e,ŭ,1
e,ż,5
e,ž,319
e,ș,10
e,ț,1
e,ɾ,1
e,ʻ,1
e,ː,2
e,β,1
e,λ,1
e,ṣ,2
e,ﬀ,1
f,_,4
f,a,6620
f,b,60
f,c,664
f,d,22
f,e,6690
f,f,1739
f,g,22
f,h,17
f,i,15411
f,j,397
f,k,96
f,l,2266
f,m,149
f,n,158
f,o,10173
f,p,31
f,q,3
f,r,12626
f,s,368
f,t,1133
f,u,2328
f,v,225
f,w,114
f,x,12
f,y,54
f,z,5
f,á,19
f,ä,404
f,å,8
f,æ,11
f,è,13
f,é,100
f,ê,3
f,í,7
f,ð,9
f,ó,13
f,õ,1
f,ö,479
f,ø,8
f,ù,3
f,ú,6
f,ü,2053
f,ý,3
f,þ,3
f,ā,30
f,ă,5
f,ē,3
f,ī,5
f,ő,1
f,œ,2
f,ū,2
f,ŭ,1
f,ǎ,2
f,ǔ,1
f,ǫ,1
f,ȁ,1
f,ə,4
f,ɛ,1
f,μ,1
f,ψ,1
g,_,14
g,a,54512
g,b,207
g,c,49
g,d,668
g,e,37388
g,f,48
g,g,977
g,h,2063
g,i,40380
g,j,279
g,k,1150
g,l,9007
g,m,1108
g,n,3450
g,o,33041
g,p,263
g,q,42
g,r,11292
g,s,2769
g,t,722
g,u,47364
g,v,244
g,w,121
g,x,32
g,y,851
g,z,46
g,á,43
g,â,2
g,ã,1
g,ä,57
g,å,26
g,æ,1
g,è,42
g,é,168
g,ê,3
g,í,12
g,î,1
g,ð,2
g,ó,100
g,ô,1
g,õ,39
g,ö,664
g,ø,7
g,ù,1
g,ú,5
g,ü,919
g,ý,1
g,þ,2
g,ā,30
g,ă,4
g,ą,2
g,ē,2
g,ė,40
g,ę,3
g,ě,1
g,ħ,3
g,ī,2
g,ı,1
g,ļ,4
g,ł,15
g,ō,11
g,š,4
g,ū,2
g,ž,11
g,ǎ,3
g,ǔ,2
g,ə,2
g,о,1
g,ễ,1
h,a,61280
h,b,86
h,c,90
h,d,132
h,e,66236
h,f,60
h,g,49
h,h,2558
h,i,39723
h,j,9873
h,k,7291
h,l,2012
h,m,3205
h,n,4729
h,o,19983
h,p,84
h,q,9
h,r,1788
h,s,733
h,t,35179
h,u,21869
h,v,11279
h,w,451
h,x,3
h,y,828
h,z,156
h,à,12
h,á,114
h,â,13
h,ã,2
h,ä,6207
h,å,70
h,æ,7
h,ç,1
h,è,15
h,é,126
h,ë,1
h,ì,2
h,í,19
h,î,2
h,ò,1
h,ó,23
h,ô,8
h,õ,3603
h,ö,383
h,ø,79
h,ú,11
h,ü,2822
h,ý,1
h,ÿ,1
h,ā,82
h,ă,1
h,ē,22
h,ė,1
h,ī,18
h,ĭ,1
h,ł,10
h,ō,33
h,ő,4
h,ř,2
h,š,6
h,ũ,1
h,ū,86
h,ư,1
h,ǎ,3
h,ǔ,1
h,ǿ,2
h,ə,5
h,и,1
h,ю,1
h,ḑ,1
h,ḗ,10
h,ạ,5
h,ả,1
h,ệ,2
h,ồ,17
h,ớ,1
h,ữ,1
i,_,14
i,a,61676
i,b,10915
i,c,10347
i,d,110885
i,e,19492
i,f,2481
i,g,45108
i,h,1723
i,i,38450
i,j,5630
i,k,101146
i,l,61718
i,m,69936
i,n,143714
i,o,17330
i,p,7637
i,q,364
i,r,23837
i,s,215374
i,t,98630
i,u,8170
i,v,24242
i,w,313
i,x,729
i,y,197
i,z,1272
i,ß,65
i,à,4
i,á,53
i,â,4
i,ã,12
i,ä,49
i,æ,7
i,ç,8
i,è,57
i,é,17
i,ê,2
i,ë,7
i,ð,19
i,ñ,12
i,ò,2
i,ó,61
i,õ,867
i,ö,49
i,ø,2
i,ù,1
i,ú,3
i,ü,286
i,þ,5
i,ā,13
i,ą,17
i,ć,172
i,č,191
i,đ,3
i,ē,2
i,ę,80
i,ğ,4
i,ģ,2
i,ķ,30
i,ļ,5
i,ł,67
i,ń,45
i,ņ,115
i,ō,7
i,ř,5
i,ś,3
i,ş,9
i,š,451
i,ţ,3
i,ū,29
i,ŭ,3
i,ų,14
i,ż,1
i,ž,210
i,ș,4
i,ț,2
i,ˈ,1
i,ː,2
i,θ,1
i,в,1
i,е,1
i,и,2
i,й,1
i,л,1
i,ṅ,1
i,ṣ,1
i,ṫ,1
i,ẽ,1
i,ế,3
i,ệ,4
j,a,189427
j,b,58
j,c,68
j,d,75
j,e,8396
j,f,28
j,g,5
j,h,42
j,i,1311
j,j,76
j,k,288
j,l,25
j,m,492
j,n,743
j,o,17100
j,p,4810
j,q,1
j,r,177
j,s,158
j,t,558
j,u,44192
j,v,40
j,w,21
j,x,3
j,y,104
j,z,11
j,à,2
j,á,138
j,â,2
j,ã,2
j,ä,27191
j,å,2
j,æ,3
j,è,1
j,é,26
j,ë,2
j,ì,8
j,í,22
j,ñ,3
j,ó,127
j,ô,2
j,õ,10429
j,ö,224
j,ø,43
j,ù,1
j,ú,19
j,ü,1893
j,ā,98
j,ą,4
j,č,7
j,ē,15
j,ė,2
j,ę,14
j,ī,21
j,ł,1
j,ō,12
j,ŏ,1
j,ő,2
j,ś,3
j,š,4
j,ũ,2
j,ū,49
j,ų,3
j,ǐ,2
j,ǿ,1
j,ɛ,1
k,_,2
k,a,168869
k,b,113
k,c,72
k,d,179
k,e,68327
k,f,297
k,g,815
k,h,1532
k,i,63989
k,j,201
k,k,23975
k,l,12783
k,m,6127
k,n,956
k,o,126554
k,p,841
k,q,4
k,r,19885
k,s,58207
k,t,9760
k,u,123201
k,v,2477
k,w,365
k,x,21
k,y,928
k,z,9
k,á,152
k,â,11
k,ã,2
k,ä,11466
k,å,15
k,æ,7
k,ç,1
k,è,4
k,é,47
k,ê,2
k,ë,5
k,í,7
k,ò,1
k,ó,93
k,ô,5
k,õ,19568
k,ö,1566
k,ø,15
k,ù,1
k,ú,25
k,û,1
k,ü,19531
k,ý,15
k,ā,98
k,ą,5
k,č,5
k,ē,4
k,ė,75
k,ę,68
k,ī,25
k,ı,13
k,ļ,14
k,ł,28
k,ň,8
k,ō,51
k,ŏ,1
k,ő,6
k,ř,5
k,š,74
k,ū,22
k,ų,3
k,ǎ,1
k,ǒ,1
k,ɑ,1
k,ə,3
k,ʰ,2
k,ω,6
k,ό,1
k,о,1
k,р,1
k,ḗ,2
k,ṣ,3
k,ẻ,2
l,_,8
l,a,110664
l,b,2458
l,c,702
l,d,29806
l,e,102494
l,f,2354
l,g,19186
l,h,2058
l,i,199283
l,j,27700
l,k,14272
l,l,99172
l,m,28217
l,n,5343
l,o,38944
l,p,1245
l,q,24
l,r,368
l,s,9765
l,t,38600
l,u,34576
l,v,8268
l,w,176
l,x,16
l,y,1709
l,z,511
l,ß,2
l,à,8
l,á,224
l,â,7
l,ã,7
l,ä,19905
l,å,4
l,æ,25
l,ç,1
l,è,35
l,é,405
l,ê,59
l,ë,2
l,ì,6
l,í,109
l,ò,24
l,ó,150
l,ô,1
l,õ,15527
l,ö,1159
l,ø,21
l,ù,2
l,ú,8
l,ü,4659
l,ý,23
l,ā,230
l,ă,5
l,ą,30
l,č,41
l,ē,23
l,ĕ,1
l,ė,72
l,ę,10
l,ī,84
l,ĭ,1
l,ı,10
l,ō,4
l,ő,3
l,š,278
l,ū,17
l,ű,1
l,ų,2
l,ž,77
l,ư,4
l,ǎ,1
l,ǐ,12
l,ǔ,4
l,ǚ,1
l,ǫ,1
l,ȅ,1
l,ț,3
l,ɒ,1
l,ɔ,2
l,ə,3
l,ɛ,1
l,ɪ,1
l,ʲ,1
l,μ,4
l,τ,4
l,ό,1
l,о,1
l,ḩ,2
l,ḱ,1
l,ẹ,1
l,ễ,1
l,ớ,1
l,ợ,1
m,_,4
m,a,155464
m,b,14337
m,c,902
m,d,191
m,e,69424
m,f,491
m,g,588
m,h,178
m,i,116836
m,j,357
m,k,493
m,l,624
m,m,13064
m,n,2414
m,o,24758
m,p,6367
m,q,21
m,r,547
m,s,2794
m,t,689
m,u,40929
m,v,116
m,w,66
m,x,16
m,y,964
m,z,119
m,ª,1
m,²,93
m,³,71
m,à,5
m,á,226
m,â,11
m,ã,4
m,ä,22970
m,å,28
m,æ,3
m,è,12
m,é,403
m,ê,7
m,ì,2
m,í,70
m,î,1
m,ò,2
m,ó,72
m,ô,2
m,õ,23051
m,ö,1402
m,ø,56
m,ù,5
m,ú,9
m,û,2
m,ü,4552
m,ý,7
m,ā,224
m,ă,6
m,č,5
m,ē,24
m,ė,10
m,ę,1
m,ě,37
m,ī,28
m,ł,8
m,ō,8
m,š,37
m,ū,33
m,ű,2
m,ų,1
m,ż,11
m,ž,6
m,ǎ,8
m,ǐ,1
m,ǔ,2
m,ȃ,1
m,ɒ,1
m,ə,14
m,ɛ,1
m,ω,3
m,ḗ,1
m,ạ,11
m,ọ,1
m,ỹ,1
n,_,6
n,a,87222
n,b,2019
n,c,4111
n,d,82352
n,e,106620
n,f,1554
n,g,66885
n,h,1173
n,i,122739
n,j,828
n,k,8809
n,l,1587
n,m,372
n,n,68251
n,o,26706
n,p,449
n,q,100
n,r,4384
n,s,19997
n,t,29418
n,u,30154
n,v,1099
n,w,191
n,x,113
n,y,1388
n,z,2192
n,ß,1
n,à,1
n,á,84
n,â,1
n,ã,3
n,ä,13483
n,å,5
n,æ,12
n,ç,36
n,è,9
n,é,310
n,ê,5
n,ë,1
n,ì,1
n,í,73
n,î,13
n,ó,46
n,ô,1
n,õ,9813
n,ö,206
n,ø,11
n,ù,1
n,ú,9
n,ü,1551
n,ý,11
n,þ,1
n,ā,88
n,ă,10
n,ą,1
n,ć,1
n,č,38
n,ē,22
n,ė,67
n,ě,15
n,ģ,5
n,ī,59
n,ı,4
n,ō,16
n,ő,20
n,œ,1
n,ş,3
n,š,98
n,ţ,2
n,ū,12
n,ů,1
n,ų,2
n,ž,38
n,ț,12
n,ɔ,3
n,ə,9
n,ɨ,4
n,ʲ,3
n,ˈ,1
n,ṣ,4
n,ẵ,3
n,ộ,1
o,_,11
o,a,2002
o,b,11872
o,c,2013
o,d,19091
o,e,1762
o,f,9685
o,g,16590
o,h,6564
o,i,2973
o,j,4314
o,k,13758
o,l,98120
o,m,42105
o,n,134186
o,o,46589
o,p,12145
o,q,30
o,r,71018
o,s,44963
o,t,27132
o,u,3128
o,v,15237
o,w,2172
o,x,537
o,y,430
o,z,445
o,ß,146
o,ä,15
o,ç,1
o,è,2
o,é,3
o,ë,8
o,ï,5
o,ð,3
o,ñ,4
o,ó,1
o,õ,7
o,ö,10
o,ø,1
o,ù,1
o,ú,8
o,ü,223
o,ć,1
o,č,6
o,ď,1
o,ğ,5
o,ģ,2
o,ļ,2
o,ľ,2
o,ł,11
o,ń,12
o,ņ,5
o,ň,2
o,ř,22
o,ś,43
o,ş,1
o,š,109
o,ũ,1
o,ŭ,23
o,ż,7
o,ž,152
o,ǔ,2
o,ș,2
o,ɾ,1
o,ʊ,3
o,ʐ,2
o,ʒ,1
o,ˈ,1
o,ː,3
o,β,1
o,в,1
o,з,1
o,с,1
o,ﬁ,2
p,_,4
p,a,57770
p,b,33
p,c,142
p,d,150
p,e,49029
p,f,474
p,g,26
p,h,4215
p,i,53986
p,j,309
p,k,1144
p,l,10057
p,m,624
p,n,1022
p,o,45610
p,p,13896
p,q,16
p,r,35722
p,s,6516
p,t,6038
p,u,27302
p,v,40
p,w,24
p,x,2336
p,y,336
p,z,142
p,à,2
p,á,82
p,ã,4
p,ä,24835
p,å,30
p,æ,6
p,è,19
p,é,188
p,ê,8
p,ë,2
p,í,27
p,î,2
p,ó,16
p,ô,3
p,õ,18313
p,ö,1745
p,ø,2
p,ú,21
p,û,1
p,ü,7075
p,ā,47
p,ă,1
p,č,2
p,ē,17
p,ė,72
p,ī,4
p,ı,1
p,ļ,9
p,ľ,1
p,ł,29
p,ō,6
p,ő,2
p,œ,1
p,ř,10
p,š,24
p,ū,27
p,ž,1
p,ǎ,4
p,ǔ,1
p,ǟ,2
p,ș,1
p,ȭ,1
p,ɔ,1
p,ʰ,1
p,о,1
q,a,195
q,b,2
q,c,4
q,d,40
q,e,12
q,f,32
q,g,2
q,h,2
q,i,283
q,j,1
q,k,1
q,l,11
q,m,2
q,n,1
q,o,35
q,p,1
q,q,12
q,r,5
q,s,20
q,t,22
q,u,2080
q,v,43
q,w,16
q,x,3
q,y,2
q,z,1
q,ä,2
q,ê,2
q,ì,5
q,í,8
q,û,1
q,ā,40
q,ī,7
q,ı,2
q,ū,83
q,ǔ,1
q,ə,3
r,_,1
r,a,88294
r,b,5748
r,c,3167
r,d,21226
r,e,61319
r,f,1378
r,g,30152
r,h,2387
r,i,145906
r,j,23401
r,k,11831
r,l,9069
r,m,17662
r,n,16670
r,o,43544
r,p,2849
r,q,135
r,r,17812
r,s,13320
r,t,32251
r,u,24396
r,v,17379
r,w,593
r,x,140
r,y,2270
r,z,1140
r,³,1
r,ß,4
r,à,2
r,á,114
r,â,1
r,ã,7
r,ä,3371
r,å,57
r,æ,4
r,ç,2
r,è,47
r,é,370
r,ê,7
r,í,285
r,î,3
r,ð,76
r,ò,2
r,ó,115
r,ô,32
r,õ,1930
r,ö,900
r,ø,81
r,ú,53
r,ü,5346
r,ý,5
r,þ,4
r,ā,114
r,ă,7
r,ą,1
r,č,17
r,đ,8
r,ē,34
r,ė,40
r,ę,3
r,ġ,1
r,ģ,8
r,ī,62
r,ı,18
r,ķ,8
r,ļ,5
r,ł,4
r,ņ,1
r,ō,26
r,ő,9
r,œ,1
r,ś,1
r,ş,3
r,š,147
r,ū,57
r,ů,3
r,ż,6
r,ž,167
r,ȋ,1
r,ș,1
r,ț,1
r,ɔ,1
r,ə,5
r,ɛ,1
r,ɜ,1
r,ɪ,2
r,ʰ,1
r,ʲ,1
r,ʸ,1
r,ʿ,2
r,α,2
r,ṣ,1
s,_,17
s,a,114003
s,b,1020
s,c,8768
s,d,550
s,e,216361
s,f,1322
s,g,644
s,h,6246
s,i,102347
s,j,3053
s,k,33992
s,l,13695
s,m,9733
s,n,2645
s,o,30880
s,p,12293
s,q,194
s,r,2368
s,s,27732
s,t,274868
s,u,75533
s,v,7469
s,w,693
s,x,14
s,y,1004
s,z,1166
s,à,3
s,á,167
s,â,4
s,ã,114
s,ä,3333
s,å,6
s,æ,25
s,ç,1
s,è,12
s,é,489
s,ê,3
s,ë,1
s,ì,4
s,í,33
s,î,4
s,ò,1
s,ó,52
s,ô,6
s,õ,19008
s,ö,1279
s,ø,106
s,ù,9
s,ú,51
s,û,1
s,ü,19481
s,ý,3
s,þ,1
s,ā,50
s,ă,14
s,ą,22
s,č,1
s,ē,34
s,ė,4
s,ę,10
s,ī,35
s,į,1
s,ı,3
s,ľ,2
s,ł,230
s,ō,16
s,ŏ,27
s,œ,4
s,š,2
s,ť,2
s,ū,33
s,ų,2
s,ž,10
s,ơ,3
s,ɐ,2
s,ɑ,1
s,ə,5
s,ɛ,1
s,ɪ,1
s,ʋ,1
s,ʿ,2
s,ṭ,2
s,ả,1
s,ẹ,2
s,ử,1
t,_,9
t,a,164248
t,b,245
t,c,387
t,d,100
t,e,190476
t,f,262
t,g,391
t,h,16399
t,i,78725
t,j,2633
t,k,5338
t,l,11689
t,m,6919
t,n,3201
t,o,53646
t,p,775
t,q,3
t,r,25286
t,s,55729
t,t,21262
t,u,84052
t,v,2001
t,w,689
t,x,39
t,y,1851
t,z,1430
t,²,1
t,º,1
t,à,45
t,á,64
t,â,18
t,ã,2
t,ä,20523
t,å,2
t,æ,7
t,è,12
t,é,128
t,ê,1
t,ë,6
t,í,59
t,î,2
t,ñ,1
t,ò,4
t,ó,114
t,ô,53
t,õ,14271
t,ö,10707
t,ø,25
t,ú,14
t,ü,7226
t,ý,7
t,ā,84
t,ă,13
t,ą,1
t,č,5
t,ē,29
t,ė,100
t,ę,1
t,ě,6
t,ī,9
t,ı,1
t,ł,6
t,ņ,1
t,ň,2
t,ō,199
t,ő,30
t,œ,1
t,ř,4
t,ś,2
t,š,5162
t,ū,16
t,ų,4
t,ž,1
t,ǎ,11
t,ǒ,1
t,ǔ,2
t,ǟ,1
t,ȋ,1
t,ȓ,1
t,ɑ,2
t,ə,1
t,ɛ,2
t,ɜ,1
t,ʃ,2
t,ʰ,2
t,ψ,1
t,ấ,5
t,ề,4
t,ổ,2
t,ỗ,1
t,ộ,1
t,ự,2
u,_,2
u,a,11433
u,b,13191
u,c,1486
u,d,83322
u,e,4602
u,f,837
u,g,12707
u,h,3510
u,i,4192
u,j,2957
u,k,21688
u,l,46064
u,m,29300
u,n,35796
u,o,1095
u,p,7038
u,q,30
u,r,39898
u,s,169361
u,t,37113
u,u,24205
u,v,11824
u,w,86
u,x,262
u,y,118
u,z,258
u,ß,37
u,à,3
u,á,12
u,ä,28
u,æ,4
u,ç,1
u,è,1
u,é,23
u,ê,2
u,ë,4
u,í,21
u,ï,3
u,ð,7
u,ñ,4
u,ò,1
u,ó,6
u,õ,160
u,ö,7
u,ü,101
u,ā,8
u,ă,1
u,č,18
u,ē,1
u,ļ,11
u,ł,19
u,ń,13
u,ņ,6
u,ō,1
u,œ,1
u,ś,1
u,ş,4
u,š,300
u,ţ,1
u,ż,1
u,ž,117
u,ǐ,3
u,ș,2
u,ț,3
u,ʔ,1
u,ː,4
u,ṣ,1
u,ẩ,1
u,ậ,1
v,_,2
v,a,166032
v,b,24
v,c,31
v,d,316
v,e,50377
v,f,50
v,g,684
v,h,377
v,i,59665
v,j,353
v,k,945
v,l,2221
v,m,175
v,n,672
v,o,16794
v,p,202
v,r,911
v,s,2204
v,t,352
v,u,8882
v,v,191
v,w,14
v,x,20
v,y,239
v,z,17
v,á,285
v,â,5
v,ä,42766
v,å,25
v,æ,3
v,è,5
v,é,105
v,ê,5
v,í,149
v,ó,8
v,ô,7
v,õ,45905
v,ö,577
v,ø,2
v,ü,2056
v,ý,6
v,ā,44
v,ă,12
v,ć,1
v,č,10
v,ē,21
v,ė,93
v,ě,8
v,ĩ,2
v,ī,42
v,ı,1
v,ň,1
v,ō,2
v,ő,1
v,ş,4
v,š,58
v,ũ,1
v,ū,1
v,ž,2
v,ư,5
v,ǎ,1
v,ǟ,1
v,ȯ,2
v,ɪ,1
v,ʊ,2
v,о,1
v,ẽ,1
w,_,1
w,a,6543
w,b,35
w,c,65
w,d,38
w,e,4642
w,f,60
w,g,17
w,h,897
w,i,7596
w,j,4
w,k,82
w,l,294
w,m,82
w,n,433
w,o,2353
w,p,31
w,q,1
w,r,559
w,s,482
w,t,260
w,u,305
w,v,5
w,w,378
w,x,2
w,y,277
w,z,11
w,à,3
w,á,4
w,ä,54
w,æ,2
w,è,1
w,é,6
w,ê,1
w,í,1
w,ò,2
w,ó,142
w,õ,18
w,ö,56
w,ü,231
w,ā,18
w,ą,14
w,ę,7
w,ł,117
w,ŏ,2
w,ū,4
w,ǒ,1
w,ǔ,4
w,ə,1
w,ˈ,1
w,ḥ,1
w,ḩ,1
w,ṯ,1
x,_,2
x,a,353
x,b,96
x,c,21
x,d,4
x,e,379
x,f,24
x,g,9
x,h,152
x,i,2920
x,j,8
x,k,50
x,l,82
x,m,15
x,n,8
x,o,196
x,p,27
x,q,2
x,r,12
x,s,21
x,t,767
x,u,209
x,v,441
x,w,22
x,x,254
x,y,57
x,z,4
x,à,3
x,á,8
x,ä,3
x,ç,14
x,ê,2
x,ì,5
x,í,2
x,ø,1
x,ù,1
x,ú,3
x,ā,1
x,ī,16
x,ư,3
x,ǔ,3
x,ə,2
x,γ,1
x,а,1
y,_,3
y,a,2474
y,b,169
y,c,408
y,d,580
y,e,1337
y,f,94
y,g,152
y,h,51
y,i,387
y,j,17
y,k,238
y,l,1039
y,m,490
y,n,825
y,o,2649
y,p,167
y,q,2
y,r,254
y,s,1421
y,t,612
y,u,449
y,v,118
y,w,108
y,x,38
y,y,80
y,z,51
y,²,2
y,ß,1
y,à,3
y,á,12
y,â,1
y,ä,2
y,è,1
y,é,7
y,ê,2
y,ì,2
y,í,5
y,ð,3
y,ó,4
y,ö,14
y,ø,1
y,ù,2
y,ú,2
y,ü,21
y,ā,49
y,č,29
y,ī,9
y,ı,6
y,ł,2
y,ń,72
y,ň,1
y,ō,15
y,ŏ,14
y,ş,20
y,š,6
y,ū,21
y,ű,1
y,ż,5
y,ž,2
y,ǎ,2
y,ǒ,5
y,ḑ,1
y,ẕ,1
y,ẖ,1
y,ề,1
z,_,2
z,a,2883
z,b,259
z,c,64
z,d,292
z,e,2646
z,f,35
z,g,55
z,h,432
z,i,2700
z,j,52
z,k,186
z,l,209
z,m,205
z,n,383
z,o,1296
z,p,363
z,q,50
z,r,46
z,s,214
z,t,69
z,u,1377
z,v,145
z,w,251
z,x,8
z,y,547
z,z,818
z,á,55
z,ä,12
z,æ,4
z,è,2
z,é,45
z,ë,1
z,ì,3
z,í,3
z,ó,64
z,õ,92
z,ö,31
z,ú,15
z,ü,143
z,ý,1
z,ā,24
z,ă,3
z,ą,5
z,ē,4
z,ę,2
z,ī,18
z,ı,3
z,ł,24
z,ō,10
z,ő,7
z,ū,1
z,ə,1
z,ό,1
µ,f,1
µ,g,8
µ,m,14
µ,ω,1
º,c,1
ß,a,1
ß,b,16
ß,e,105
ß,f,1
ß,g,1
ß,h,1
ß,i,12
ß,l,8
ß,m,1
ß,n,4
ß,t,4
ß,w,2
à,c,1
à,d,1
à,g,1
à,i,7
à,n,79
à,o,4
à,r,3
à,s,7
à,z,1
à,ː,3
á,b,12
á,c,17
á,d,37
á,e,5
á,f,6
á,g,51
á,h,11
á,i,12
á,j,16
á,k,69
á,l,182
á,m,10
á,n,495
á,o,1
á,p,11
á,q,2
á,r,151
á,s,136
á,t,52
á,u,2
á,v,72
á,z,22
á,á,1
á,ð,3
á,ñ,2
á,č,7
á,ň,1
á,ŋ,2
á,ř,4
á,š,3
á,ː,2
á,ⁿ,1
â,c,6
â,g,15
â,k,2
â,l,7
â,m,7
â,n,40
â,r,2
â,t,25
â,u,1
â,v,1
ã,e,54
ã,n,2
ã,o,68
ã,s,1
ã,t,1
ä,a,68
ä,b,1117
ä,c,25
ä,d,758
ä,e,3420
ä,f,10
ä,g,1654
ä,h,1524
ä,i,2069
ä,j,27
ä,k,1161
ä,l,3161
ä,m,425
ä,n,9302
ä,o,795
ä,p,174
ä,q,4
ä,r,16675
ä,s,2322
ä,t,632
ä,u,41
ä,v,649
ä,w,1
ä,x,3
ä,y,15
ä,z,9
ä,ß,2
ä,ä,5097
ä,š,1
å,b,17
å,d,3
å,f,1
å,g,14
å,h,7
å,k,40
å,l,106
å,m,12
å,n,76
å,r,42
å,s,43
å,t,30
å,v,1
å,å,3
æ,b,2
æ,c,1
æ,d,9
æ,f,3
æ,g,9
æ,k,11
æ,l,20
æ,m,1
æ,n,10
æ,o,1
æ,r,22
æ,s,7
æ,t,12
æ,æ,1
æ,ð,2
æ,þ,1
æ,г,1
ç,a,139
ç,b,1
ç,e,12
ç,i,20
ç,o,336
ç,q,1
ç,u,7
ç,ã,4
ç,ä,1
ç,ü,3
è,c,31
è,d,4
è,g,29
è,i,1
è,k,1
è,l,46
è,m,8
è,n,15
è,o,3
è,q,19
è,r,118
è,s,57
è,t,7
è,v,12
è,z,4
é,a,35
é,b,42
é,c,77
é,d,125
é,e,126
é,f,11
é,g,65
é,h,7
é,i,6
é,j,4
é,k,12
é,l,99
é,m,172
é,n,101
é,o,77
é,p,49
é,q,2
é,r,256
é,s,156
é,t,183
é,u,7
é,v,76
é,x,7
é,y,1
é,z,12
é,â,6
é,é,1
é,ð,1
é,ě,1
é,ː,6
ê,c,2
ê,d,1
ê,h,1
ê,m,16
ê,n,16
ê,q,9
ê,s,2
ê,t,15
ê,u,1
ê,z,1
ë,a,1
ë,c,1
ë,l,17
ë,n,18
ë,s,11
ë,t,17
ë,ß,1
ì,l,1
ì,n,1
ì,p,1
ì,q,3
ì,s,2
ì,x,3
ì,ː,5
í,a,181
í,b,14
í,c,25
í,d,9
í,f,2
í,g,74
í,h,4
í,j,3
í,k,51
í,l,59
í,m,38
í,n,188
í,o,5
í,p,5
í,q,1
í,r,63
í,s,95
í,t,4
í,u,1
í,v,6
í,x,1
í,y,1
í,z,13
í,í,1
í,ð,10
í,ñ,1
í,č,2
í,š,4
í,ž,1
í,ː,2
î,l,35
î,m,2
î,n,2
î,o,1
î,r,1
î,t,57
ï,a,1
ï,b,1
ï,c,3
ï,d,3
ï,e,2
ï,k,2
ï,l,3
ï,r,1
ï,s,6
ï,t,7
ð,a,16
ð,b,2
ð,d,1
ð,e,2
ð,f,2
ð,g,6
ð,h,2
ð,i,14
ð,j,3
ð,l,2
ð,m,5
ð,n,1
ð,o,4
ð,r,20
ð,s,3
ð,u,28
ð,v,4
ð,ð,1
ð,ứ,2
ñ,a,134
ñ,c,5
ñ,e,19
ñ,i,12
ñ,j,1
ñ,o,60
ñ,u,2
ñ,á,2
ñ,í,4
ñ,ñ,2
ñ,ó,2
ñ,ā,10
ò,g,1
ò,l,1
ò,n,5
ò,q,1
ò,s,1
ò,t,2
ò,u,2
ò,z,1
ó,a,1
ó,b,9
ó,c,6
ó,d,25
ó,f,8
ó,g,11
ó,i,5
ó,j,10
ó,k,9
ó,l,44
ó,m,1
ó,n,393
ó,p,11
ó,r,57
ó,s,66
ó,t,15
ó,u,2
ó,v,2
ó,w,279
ó,z,5
ó,ð,15
ó,ó,1
ó,ł,9
ó,ź,1
ó,ː,2
ô,d,1
ô,g,1
ô,h,1
ô,i,1
ô,j,1
ô,l,1
ô,m,13
ô,n,55
ô,r,28
ô,s,4
ô,t,5
õ,a,2
õ,b,77
õ,d,2023
õ,e,958
õ,g,391
õ,h,2696
õ,i,10977
õ,j,1817
õ,k,333
õ,l,1905
õ,m,495
õ,n,2512
õ,o,15
õ,p,6546
õ,q,1
õ,r,2165
õ,s,331
õ,t,5552
õ,u,2917
õ,v,87
õ,z,124
õ,õ,522
õ,š,80
õ,ž,20
ö,a,147
ö,b,242
ö,c,26
ö,d,2840
ö,e,754
ö,f,42
ö,g,590
ö,h,56
ö,i,159
ö,j,272
ö,k,1418
ö,l,1352
ö,m,598
ö,n,561
ö,o,22
ö,p,456
ö,r,2569
ö,s,1687
ö,t,3474
ö,u,5
ö,v,807
ö,w,7
ö,y,3
ö,z,29
ö,ß,2
ö,ä,1
ö,ð,4
ö,õ,14
ö,ö,3923
ö,ü,16
ö,ğ,3
ø,b,3
ø,c,1
ø,d,8
ø,e,6
ø,g,3
ø,h,6
ø,i,2
ø,j,7
ø,k,8
ø,l,21
ø,m,19
ø,n,51
ø,p,4
ø,r,260
ø,s,58
ø,t,4
ø,v,15
ø,y,63
ù,_,1
ù,n,1
ù,s,2
ù,ě,1
ú,a,2
ú,b,1
ú,c,25
ú,d,5
ú,f,1
ú,i,1
ú,j,10
ú,k,3
ú,l,42
ú,n,20
ú,p,7
ú,r,4
ú,s,19
ú,t,8
ú,w,1
ú,y,1
ú,z,3
ú,ú,1
û,l,5
û,n,1
û,s,6
û,t,8
ü,a,868
ü,b,466
ü,c,188
ü,d,3886
ü,e,92
ü,f,80
ü,g,472
ü,h,18202
ü,i,18
ü,j,51
ü,k,9927
ü,l,23746
ü,m,6189
ü,n,1032
ü,o,140
ü,p,1617
ü,r,3079
ü,s,3573
ü,t,3832
ü,u,5
ü,v,83
ü,x,7
ü,z,4
ü,ß,1
ü,õ,1
ü,ö,1
ü,ü,2784
ü,š,2
ý,a,4
ý,c,3
ý,d,5
ý,g,1
ý,m,1
ý,n,2
ý,o,1
ý,r,5
ý,s,3
ý,t,2
ý,y,1
ý,z,2
ý,ý,1
þ,a,41
þ,e,5
þ,g,1
þ,i,36
þ,j,10
þ,l,1
þ,o,38
þ,r,25
þ,s,3
þ,u,7
þ,v,6
þ,y,1
þ,á,5
þ,æ,2
þ,é,3
þ,í,1
þ,ó,17
þ,ö,2
þ,ú,13
þ,ý,1
þ,þ,1
ÿ,a,1
ÿ,д,1
ā,b,41
ā,c,5
ā,d,62
ā,f,43
ā,g,5
ā,h,49
ā,i,2
ā,j,45
ā,k,4
ā,l,133
ā,m,48
ā,n,192
ā,o,2
ā,p,4
ā,q,4
ā,r,132
ā,s,26
ā,t,37
ā,v,18
ā,w,10
ā,y,7
ā,z,6
ā,ģ,1
ā,ņ,11
ā,ş,1
ā,š,1
ā,ž,1
ā,ḍ,1
ā,ḩ,1
ā,ṇ,2
ā,ṣ,1
ă,e,1
ă,g,1
ă,h,1
ă,i,2
ă,n,3
ă,o,1
ă,r,2
ă,t,1
ă,u,7
ă,ș,1
ą,c,2
ą,d,5
ą,g,16
ą,p,1
ą,s,45
ą,t,4
ą,z,2
ą,ż,4
ą,ž,1
ć,a,1
ć,d,1
ć,e,5
ć,i,41
ć,k,2
ć,m,3
ć,u,1
č,a,74
č,e,98
č,i,236
č,k,36
č,m,3
č,n,18
č,o,24
č,p,7
č,s,15
č,t,2
č,u,30
č,v,1
č,y,43
č,á,2
č,ä,2
č,í,21
č,ö,1
č,ā,1
č,ė,2
ď,a,6
ď,u,1
đ,e,6
đ,i,11
đ,m,1
đ,o,14
đ,u,4
đ,à,5
đ,ì,1
đ,ă,3
đ,ạ,3
đ,ặ,1
đ,ế,3
đ,ị,2
đ,ồ,2
đ,ỗ,1
đ,ứ,11
ē,b,1
ē,d,10
ē,j,6
ē,k,14
ē,l,2
ē,m,6
ē,n,32
ē,p,4
ē,r,27
ē,s,14
ē,t,8
ē,v,5
ē,z,3
ē,ð,1
ē,ļ,3
ē,ņ,2
ē,б,1
ĕ,m,3
ĕ,n,2
ĕ,s,3
ė,d,10
ė,g,2
ė,j,3
ė,k,3
ė,l,23
ė,m,3
ė,n,56
ė,s,39
ė,t,3
ė,v,2
ę,b,6
ę,c,13
ę,d,12
ę,k,7
ę,p,2
ę,s,13
ę,t,2
ę,ł,1
ę,ż,6
ě,c,1
ě,d,5
ě,f,1
ě,i,3
ě,j,1
ě,k,11
ě,l,1
ě,m,2
ě,n,3
ě,p,2
ě,r,12
ě,t,5
ě,z,1
ĝ,o,1
ğ,a,7
ğ,d,3
ğ,l,10
ğ,r,1
ğ,ä,1
ğ,ı,3
ğ,ş,1
ġ,a,1
ġ,o,1
ġ,r,1
ģ,e,14
ģ,i,42
ģ,u,1
ģ,ē,2
ħ,a,1
ī,a,1
ī,b,17
ī,c,4
ī,d,31
ī,f,44
ī,g,31
ī,j,1
ī,k,5
ī,l,15
ī,m,7
ī,n,54
ī,p,1
ī,q,1
ī,r,9
ī,s,20
ī,t,32
ī,v,35
ī,w,1
ī,y,19
ī,z,22
ī,ā,4
ī,č,1
ī,š,10
ī,ž,1
į,l,1
į,s,2
ı,f,1
ı,k,3
ı,l,1
ı,m,4
ı,n,4
ı,r,8
ı,s,2
ı,t,3
ı,u,2
ı,v,14
ı,y,3
ı,z,2
ı,ğ,2
ı,ş,1
ķ,a,1
ķ,c,2
ķ,e,36
ķ,i,25
ķ,m,1
ķ,o,3
ķ,u,5
ķ,ā,1
ķ,ē,1
ķ,ī,5
ķ,ū,6
ļ,a,25
ļ,c,9
ļ,e,7
ļ,i,63
ļ,n,3
ļ,o,2
ļ,t,3
ļ,u,5
ļ,v,2
ļ,ā,4
ļ,ķ,9
ļ,ļ,6
ļ,ņ,1
ļ,š,3
ļ,ū,2
ľ,a,6
ľ,b,2
ľ,k,1
ľ,n,2
ľ,s,6
ľ,u,24
ł,a,384
ł,b,7
ł,c,15
ł,d,6
ł,e,11
ł,f,1
ł,g,6
ł,i,3
ł,k,43
ł,o,146
ł,s,12
ł,t,7
ł,u,68
ł,y,37
ł,z,3
ł,ó,97
ł,ą,3
ł,ę,22
ł,ł,4
ł,ż,3
ń,c,20
ń,i,35
ń,j,1
ń,k,6
ń,s,68
ń,u,2
ņ,a,8
ņ,c,6
ņ,d,1
ņ,e,2
ņ,i,46
ņ,k,2
ņ,m,3
ņ,r,1
ņ,s,1
ņ,t,1
ņ,u,3
ņ,ģ,3
ņ,ķ,7
ņ,š,15
ň,a,2
ň,i,5
ň,s,1
ň,y,1
ň,á,2
ŋ,i,1
ŋ,k,3
ŋ,r,1
ō,b,2
ō,d,8
ō,e,1
ō,f,4
ō,g,23
ō,h,3
ō,i,15
ō,j,14
ō,k,8
ō,l,1
ō,m,16
ō,n,24
ō,o,1
ō,p,3
ō,r,3
ō,s,97
ō,t,54
ō,u,7
ō,w,3
ō,y,2
ō,z,8
ō,居,1
ŏ,k,1
ŏ,n,26
ő,f,1
ő,i,1
ő,k,3
ő,l,3
ő,r,26
ő,s,2
ő,t,3
ő,v,1
ő,z,5
œ,n,2
œ,r,1
œ,u,5
ŕ,a,1
ŗ,ē,1
ř,a,1
ř,e,2
ř,i,51
ř,o,7
ř,í,52
ś,a,1
ś,c,30
ś,i,6
ś,j,1
ś,k,1
ś,l,76
ś,m,10
ś,n,36
ś,o,1
ś,p,1
ś,r,13
ś,t,1
ś,u,3
ś,v,1
ś,w,126
ś,ā,7
ś,ć,26
ś,ī,1
ś,ū,4
ş,a,87
ş,b,1
ş,c,1
ş,e,8
ş,h,2
ş,i,17
ş,k,1
ş,l,2
ş,m,2
ş,o,10
ş,r,27
ş,t,7
ş,u,8
ş,ä,2
ş,ç,1
ş,ü,2
ş,ā,8
ş,ī,1
ş,ı,2
ş,ţ,2
ş,ū,11
ş,ə,3
š,a,997
š,c,6
š,e,1505
š,g,10
š,h,9
š,i,1605
š,j,14
š,k,827
š,l,80
š,m,133
š,n,138
š,o,947
š,p,66
š,q,2
š,r,22
š,s,5
š,t,488
š,u,270
š,v,1116
š,y,8
š,á,2
š,ã,7
š,ä,2
š,é,3
š,ê,1
š,í,3
š,õ,61
š,ö,3
š,ú,2
š,ü,1
š,ā,19
š,ă,1
š,ć,3
š,č,46
š,ē,4
š,ė,7
š,ī,1
š,ķ,19
š,ļ,3
š,ň,2
š,š,46
š,ť,2
š,ọ,1
ţ,a,15
ţ,f,1
ţ,i,1
ţ,u,6
ţ,ā,54
ţ,ă,1
ţ,ī,4
ţ,ţ,2
ţ,ū,2
ť,a,4
ũ,g,1
ũ,r,1
ũ,t,1
ū,b,4
ū,c,1
ū,d,74
ū,g,5
ū,h,4
ū,j,2
ū,k,287
ū,l,2
ū,m,22
ū,n,75
ū,o,3
ū,r,26
ū,s,32
ū,t,10
ū,v,1
ū,z,11
ū,ņ,1
ū,ō,11
ū,š,2
ū,ţ,2
ū,ž,4
ū,ḩ,1
ŭ,b,1
ŭ,c,2
ŭ,h,1
ŭ,k,7
ŭ,n,1
ŭ,r,2
ŭ,s,16
ŭ,t,1
ŭ,č,4
ů,c,1
ů,v,1
ů,š,1
ű,l,1
ű,n,2
ų,_,1
ų,r,1
ŵ,i,1
ź,d,2
ź,l,3
ź,m,2
ź,n,12
ż,a,36
ż,b,2
ż,e,20
ż,i,44
ż,m,5
ż,n,7
ż,o,3
ż,t,2
ż,u,12
ż,y,35
ż,ó,1
ż,ą,2
ż,ę,1
ž,a,720
ž,b,10
ž,c,4
ž,d,128
ž,e,564
ž,g,6
ž,i,1352
ž,j,10
ž,k,22
ž,l,7
ž,m,26
ž,n,179
ž,o,94
ž,p,4
ž,r,2
ž,s,13
ž,t,3
ž,u,235
ž,v,19
ž,w,1
ž,y,100
ž,á,1
ž,ä,1
ž,í,2
ž,õ,53
ž,ü,132
ž,ď,1
ž,ē,1
ž,ė,3
ž,ī,5
ž,ł,5
ž,ņ,1
ž,ň,1
ž,š,2
ž,ž,39
ſ,e,1
ƞ,f,1
ơ,n,21
ư,n,1
ư,ơ,1
ư,ờ,2
ƶ,o,1
ǎ,n,7
ǎ,o,2
ǎ,r,1
ǐ,h,1
ǐ,n,1
ǐ,s,1
ǒ,u,1
ǔ,m,1
ǔ,n,2
ǧ,a,2
ǫ,r,2
ǯ,o,1
ǻ,r,1
ǿ,g,1
ǿ,r,1
ȃ,d,1
ȅ,t,1
ȅ,ł,1
ș,a,6
ș,e,21
ș,i,34
ș,l,2
ș,n,3
ș,o,9
ș,t,12
ș,ă,2
ț,a,15
ț,e,1
ț,i,14
ț,o,1
ț,u,1
ț,ă,1
ɐ,ˈ,4
ɔ,r,1
ɔ,ɪ,1
ɔ,ˈ,1
ɔ,ː,4
ə,b,6
ə,d,10
ə,l,26
ə,m,2
ə,n,9
ə,r,10
ə,s,3
ə,v,1
ə,ç,1
ɛ,k,1
ɛ,l,1
ɛ,r,1
ɛ,ˈ,1
ɛ,ː,2
ɡ,ɔ,1
ɡ,ʷ,1
ɣ,a,1
ɨ,l,1
ɪ,r,1
ɳ,r,2
ɾ,a,2
ɾ,ˈ,2
ʁ,l,1
ʃ,a,3
ʃ,i,1
ʃ,ʌ,1
ʃ,ˈ,1
ʊ,j,2
ʋ,é,1
ʋ,ɛ,1
ʒ,i,1
ʔ,ɐ,1
ʝ,a,1
ʰ,e,1
ʲ,i,1
ʲ,æ,2
ʹ,r,1
ʻ,a,2
ʻ,i,1
ʼ,j,2
ʼ,í,1
ʾ,i,1
ʿ,a,6
ʿ,u,1
ʿ,w,1
ʿ,ī,4
ˁ,n,2
ˆ,a,1
ˈ,b,3
ˈ,d,2
ˈ,f,2
ˈ,h,2
ˈ,j,1
ˈ,k,1
ˈ,l,4
ˈ,m,5
ˈ,n,1
ˈ,p,1
ˈ,r,4
ˈ,s,12
ˈ,t,7
ˈ,v,2
ˈ,x,1
ˈ,z,2
ˈ,ç,1
ˈ,ó,1
ˈ,ù,1
ˈ,œ,1
ˈ,ɑ,1
ˈ,ɔ,1
ˈ,ɡ,1
ˈ,ɣ,1
ˈ,ɦ,1
ˈ,ɾ,2
ˈ,ʃ,2
ˈ,ʋ,2
ˈ,ʐ,1
ˈ,θ,1
ˌ,n,1
ˌ,ɪ,1
ː,d,2
ː,h,1
ː,k,1
ː,l,1
ː,m,1
ː,n,3
ː,o,1
ː,p,2
ː,r,1
ː,s,3
ː,t,6
ː,z,1
ˤ,a,1
ά,β,1
ά,γ,1
ά,δ,1
ά,ε,2
ά,κ,2
ά,λ,2
ά,μ,3
ά,ν,2
ά,π,1
ά,ρ,2
ά,σ,1
ά,τ,3
ά,φ,1
ά,ω,1
έ,α,4
έ,ν,5
έ,τ,2
έ,χ,1
ή,μ,1
ή,σ,2
ί,α,11
ί,γ,2
ί,δ,1
ί,ζ,5
ί,θ,2
ί,κ,1
ί,ν,3
ί,ο,2
ί,π,2
ί,ρ,3
ί,σ,1
ί,ω,1
α,r,1
α,ί,3
α,γ,1
α,θ,2
α,ι,7
α,κ,2
α,λ,6
α,ν,14
α,π,3
α,ρ,3
α,ς,4
α,σ,3
α,τ,8
α,υ,2
α,φ,2
α,ἰ,2
α,ἵ,1
α,ὐ,7
α,ῖ,2
β,e,2
β,ί,3
β,α,1
β,γ,2
β,ε,1
β,η,1
β,ι,3
β,λ,2
β,ο,2
γ,t,1
γ,u,1
γ,ə,1
γ,έ,1
γ,ί,2
γ,α,4
γ,γ,3
γ,ε,9
γ,η,1
γ,ι,4
γ,λ,2
γ,ν,4
γ,ο,8
γ,ρ,3
γ,υ,1
γ,ω,1
γ,ύ,1
γ,у,1
γ,ὰ,2
γ,ῆ,2
δ,a,2
δ,g,3
δ,h,7
δ,l,1
δ,m,1
δ,s,1
δ,έ,3
δ,ί,6
δ,α,3
δ,ε,3
δ,η,5
δ,ι,3
δ,ν,1
δ,ο,4
δ,ρ,7
δ,τ,1
δ,ω,3
δ,ό,1
δ,ώ,3
δ,ὲ,5
δ,ὴ,1
δ,ῶ,2
ε,a,1
ε,ί,3
ε,γ,1
ε,θ,1
ε,ι,6
ε,λ,5
ε,μ,1
ε,ν,3
ε,ξ,1
ε,ο,1
ε,ρ,8
ε,ς,3
ε,σ,2
ε,τ,1
ε,υ,4
ε,ό,1
ε,ύ,4
ε,ἰ,5
ε,ἶ,2
ε,ὖ,1
ε,ὶ,1
ε,ῖ,4
ζ,ο,1
ζ,ό,1
ζ,ώ,1
ζ,ῆ,1
ζ,ῷ,1
η,e,2
η,h,4
η,m,5
η,n,2
η,r,1
η,v,5
η,γ,1
η,κ,1
η,μ,2
η,ρ,1
η,ς,6
η,σ,1
η,τ,1
θ,i,1
θ,ά,1
θ,έ,1
θ,ή,2
θ,α,11
θ,ε,13
θ,η,1
θ,ι,1
θ,ο,2
θ,ρ,2
θ,ω,1
ι,ά,2
ι,α,3
ι,δ,1
ι,ε,2
ι,κ,2
ι,ν,8
ι,ξ,1
ι,ο,11
ι,ρ,3
ι,ς,6
ι,σ,3
ι,τ,3
ι,φ,1
κ,ά,2
κ,έ,2
κ,ή,2
κ,α,21
κ,ε,6
κ,η,1
κ,ι,4
κ,κ,2
κ,λ,5
κ,ο,4
κ,ρ,10
κ,τ,1
κ,υ,3
κ,ό,12
κ,ύ,2
κ,ώ,1
κ,ὰ,1
κ,ὴ,1
κ,ῃ,1
κ,ῆ,1
κ,ῶ,1
λ,t,8
λ,ó,1
λ,ά,6
λ,έ,3
λ,ή,4
λ,ί,2
λ,α,9
λ,ε,7
λ,η,2
λ,ι,7
λ,κ,1
λ,λ,3
λ,ο,8
λ,τ,1
λ,ω,1
λ,ό,5
λ,ύ,4
λ,ὰ,1
λ,ῆ,1
μ,d,1
μ,f,1
μ,g,43
μ,h,1
μ,m,21
μ,p,1
μ,s,1
μ,v,2
μ,ά,2
μ,έ,6
μ,ή,4
μ,ί,1
μ,α,11
μ,ε,12
μ,η,1
μ,ι,5
μ,μ,2
μ,ν,1
μ,ο,4
μ,ω,1
μ,ό,5
μ,ὲ,1
μ,ὴ,1
ν,c,2
ν,ά,1
ν,ί,2
ν,α,6
ν,δ,5
ν,ε,8
ν,η,11
ν,θ,2
ν,ι,6
ν,ν,4
ν,ο,13
ν,τ,4
ν,υ,1
ν,ω,3
ν,ό,2
ν,ὰ,1
ν,ῆ,2
ν,ῶ,1
ξ,ί,1
ξ,α,1
ξ,ο,1
ξ,υ,1
ο,ί,1
ο,δ,1
ο,ι,4
ο,κ,5
ο,λ,5
ο,μ,2
ο,ν,20
ο,ξ,1
ο,π,1
ο,ρ,4
ο,ς,37
ο,σ,1
ο,τ,3
ο,υ,14
ο,φ,1
ο,ύ,2
ο,ἱ,1
ο,ὐ,5
ο,ὔ,2
ο,ὕ,1
ο,ὖ,2
π,ά,3
π,ί,1
π,α,18
π,ε,12
π,η,1
π,λ,5
π,ν,1
π,ο,16
π,π,3
π,ρ,7
π,τ,3
π,υ,4
π,ό,1
π,ύ,1
π,ᾶ,3
ρ,k,1
ρ,v,1
ρ,x,2
ρ,y,1
ρ,ά,5
ρ,έ,3
ρ,ή,1
ρ,ί,4
ρ,α,16
ρ,γ,1
ρ,ε,2
ρ,ι,13
ρ,κ,1
ρ,ο,4
ρ,ρ,1
ρ,χ,3
ρ,ω,3
ρ,ὰ,3
ρ,ὶ,2
ς,o,1
σ,k,8
σ,m,1
σ,o,1
σ,t,2
σ,ί,1
σ,α,5
σ,γ,1
σ,ε,7
σ,η,1
σ,θ,3
σ,ι,9
σ,κ,2
σ,μ,4
σ,ο,8
σ,π,5
σ,σ,2
σ,τ,10
σ,υ,6
σ,φ,3
σ,ω,2
σ,ύ,2
σ,ώ,2
σ,ὰ,1
σ,ὲ,2
σ,ὺ,1
τ,l,6
τ,m,1
τ,v,1
τ,ά,2
τ,ή,5
τ,ί,5
τ,α,10
τ,ε,9
τ,η,7
τ,ι,10
τ,ν,1
τ,ο,19
τ,ρ,10
τ,τ,3
τ,υ,1
τ,ω,7
τ,ό,4
τ,ύ,3
τ,ώ,1
τ,ὰ,8
τ,ὲ,1
τ,ὴ,6
τ,ὸ,6
τ,ῆ,1
τ,ῇ,1
τ,ῶ,9
τ,ῷ,3
υ,γ,1
υ,ε,1
υ,λ,2
υ,μ,3
υ,ς,1
υ,σ,3
υ,τ,2
υ,φ,1
υ,χ,1
υ,ψ,2
υ,ὰ,1
φ,í,1
φ,έ,3
φ,ί,5
φ,α,2
φ,η,3
φ,ι,10
φ,λ,1
φ,ο,2
φ,υ,1
φ,ύ,4
φ,ῶ,1
χ,s,1
χ,α,10
χ,θ,1
χ,ι,1
χ,λ,1
χ,ν,1
χ,ο,3
χ,ό,1
χ,ὴ,1
ψ,a,1
ψ,o,1
ψ,ί,1
ψ,α,1
ψ,η,1
ψ,ι,2
ω,c,2
ω,µ,1
ω,γ,1
ω,μ,2
ω,ν,12
ω,π,3
ω,ρ,7
ω,ς,2
ω,τ,1
ϊ,δ,1
ό,t,1
ό,α,1
ό,κ,1
ό,ν,6
ό,ρ,2
ό,ς,6
ό,σ,2
ό,τ,3
ό,ψ,1
ύ,ε,1
ύ,λ,1
ύ,μ,2
ύ,ν,2
ύ,ρ,1
ύ,ς,2
ύ,σ,2
ύ,τ,3
ώ,ν,4
ώ,ρ,4
ώ,ς,1
ώ,σ,1
ώ,τ,1
а,n,1
а,s,1
а,u,1
а,а,3
а,б,22
а,в,136
а,г,24
а,д,115
а,е,17
а,ж,11
а,з,43
а,и,5
а,й,29
а,к,41
а,л,238
а,м,60
а,н,337
а,п,13
а,р,152
а,с,75
а,т,116
а,у,6
а,ф,17
а,х,19
а,ц,22
а,ч,15
а,ш,8
а,щ,3
а,э,1
а,ю,6
а,я,100
а,і,2
а,ї,3
а,ў,2
а,ғ,1
а,қ,1
а,ҟ,1
б,а,92
б,б,3
б,в,5
б,д,3
б,е,117
б,и,71
б,к,2
б,л,53
б,н,3
б,о,126
б,р,50
б,с,13
б,у,46
б,ч,2
б,ш,3
б,ъ,2
б,ы,30
б,ь,6
б,э,1
б,ю,3
б,я,1
б,і,6
б,ү,1
б,ә,1
в,i,2
в,u,1
в,ÿ,1
в,а,227
в,б,1
в,в,3
в,г,7
в,д,6
в,е,292
в,з,20
в,и,216
в,к,18
в,л,142
в,м,9
в,н,59
в,о,295
в,п,2
в,р,39
в,с,81
в,т,11
в,у,7
в,х,3
в,ц,1
в,ч,2
в,ш,5
в,щ,2
в,ъ,6
в,ы,61
в,ь,8
в,э,1
в,я,13
в,ё,4
в,і,24
в,ј,3
в,ћ,1
в,ӧ,1
г,d,1
г,i,1
г,а,130
г,б,1
г,в,16
г,г,7
г,д,4
г,е,114
г,и,94
г,к,3
г,л,57
г,м,3
г,н,6
г,о,256
г,р,60
г,с,6
г,т,2
г,у,58
г,ъ,2
г,ь,3
г,э,3
г,ю,2
г,я,1
г,і,7
г,ү,2
д,a,1
д,b,1
д,а,158
д,в,49
д,г,1
д,д,9
д,е,175
д,ж,8
д,з,14
д,и,90
д,к,15
д,л,12
д,м,12
д,н,39
д,о,220
д,п,4
д,р,67
д,с,40
д,у,38
д,х,2
д,ц,1
д,ч,1
д,ш,2
д,ы,26
д,ь,14
д,э,3
д,я,4
д,ә,1
е,а,5
е,б,16
е,в,150
е,г,32
е,д,72
е,е,30
е,ж,9
е,з,12
е,и,3
е,й,53
е,к,123
е,л,83
е,м,56
е,н,320
е,о,6
е,п,11
е,р,174
е,с,150
е,т,84
е,у,1
е,ф,7
е,х,9
е,ц,16
е,ч,22
е,ш,7
е,щ,10
е,я,1
е,ё,1
е,њ,4
ж,а,13
ж,в,1
ж,г,1
ж,д,41
ж,е,55
ж,ж,1
ж,и,80
ж,л,2
ж,м,1
ж,н,20
ж,о,5
ж,р,1
ж,с,6
ж,у,9
ж,ч,1
ж,ы,4
ж,ь,4
з,а,180
з,б,2
з,в,24
з,д,33
з,е,31
з,и,15
з,л,7
з,м,10
з,н,71
з,о,67
з,п,2
з,р,7
з,с,1
з,у,11
з,ц,1
з,ы,16
з,ь,3
з,ю,2
з,я,10
з,і,5
и,c,1
и,k,1
и,а,28
и,б,21
и,в,86
и,г,33
и,д,24
и,е,151
и,ж,19
и,з,88
и,и,72
и,й,224
и,к,114
и,л,75
и,м,102
и,н,251
и,о,35
и,п,11
и,р,57
и,с,99
и,т,69
и,у,1
и,ф,3
и,х,49
и,ц,28
и,ч,186
и,ш,4
и,щ,10
и,ю,7
и,я,155
и,ј,8
и,ҙ,1
и,ң,1
й,ÿ,2
й,а,1
й,б,1
й,г,1
й,д,9
й,е,2
й,з,2
й,к,7
й,л,12
й,м,2
й,н,29
й,о,35
й,с,44
й,т,12
й,ф,1
й,ц,3
й,ш,8
й,ы,1
й,я,1
к,a,2
к,l,1
к,o,1
к,ÿ,1
к,а,304
к,в,7
к,г,11
к,е,25
к,з,2
к,и,266
к,й,1
к,к,1
к,л,51
к,м,2
к,н,22
к,о,434
к,п,8
к,р,115
к,с,28
к,т,54
к,у,68
к,ц,10
к,ш,1
к,ъ,6
к,ы,7
к,ю,1
к,і,11
к,ү,1
к,ә,3
к,ө,2
л,а,221
л,г,6
л,д,7
л,е,215
л,ж,8
л,и,228
л,к,18
л,л,39
л,м,3
л,н,13
л,о,188
л,п,3
л,с,7
л,т,13
л,у,24
л,х,6
л,ш,1
л,ы,19
л,ь,372
л,ю,43
л,я,35
л,ё,9
л,і,14
л,қ,1
л,ң,1
л,ә,1
м,c,1
м,h,1
м,i,1
м,æ,1
м,а,202
м,б,12
м,в,6
м,г,7
м,е,154
м,ж,1
м,з,4
м,и,151
м,к,3
м,л,11
м,м,17
м,н,21
м,о,208
м,п,6
м,с,19
м,у,174
м,ф,1
м,ц,1
м,ч,4
м,ы,20
м,ь,2
м,э,5
м,ю,2
м,я,13
м,ё,7
м,і,9
м,ә,2
н,i,2
н,а,350
н,б,18
н,в,2
н,г,37
н,д,96
н,е,244
н,ж,1
н,з,6
н,и,503
н,к,63
н,л,4
н,н,76
н,о,348
н,р,1
н,с,100
н,т,83
н,у,15
н,ф,8
н,х,2
н,ц,16
н,ч,2
н,ш,2
н,щ,6
н,ъ,1
н,ы,292
н,ь,25
н,э,4
н,ю,1
н,я,16
н,ё,3
н,і,12
н,қ,1
н,ӣ,1
о,o,1
о,r,2
о,а,1
о,б,109
о,в,367
о,г,125
о,д,100
о,е,80
о,ж,9
о,з,18
о,и,12
о,й,94
о,к,162
о,л,121
о,м,65
о,н,105
о,о,6
о,п,57
о,р,193
о,с,153
о,т,111
о,у,4
о,ф,19
о,х,19
о,ц,6
о,ч,17
о,ш,10
о,щ,8
о,ю,5
о,я,5
о,ё,1
о,ј,7
о,љ,1
о,ў,1
п,p,5
п,а,276
п,г,1
п,е,166
п,и,66
п,к,1
п,л,27
п,н,11
п,о,355
п,п,5
п,р,235
п,с,26
п,т,1
п,у,36
п,ф,1
п,ц,1
п,ш,3
п,щ,1
п,ы,3
п,ь,2
п,я,9
п,ё,7
п,і,1
р,а,471
р,б,21
р,в,31
р,г,48
р,д,31
р,е,224
р,ж,13
р,з,1
р,и,171
р,к,47
р,л,17
р,м,34
р,н,134
р,о,360
р,п,8
р,р,36
р,с,86
р,т,91
р,у,218
р,ф,10
р,х,3
р,ц,7
р,ч,1
р,ш,25
р,щ,2
р,ъ,3
р,ы,52
р,ь,47
р,э,5
р,ю,7
р,я,22
р,ё,4
р,і,7
р,ѹ,2
р,ғ,1
с,d,1
с,i,1
с,o,1
с,а,162
с,б,11
с,в,65
с,г,4
с,д,4
с,е,167
с,и,93
с,к,392
с,л,100
с,м,21
с,н,51
с,о,197
с,п,64
с,р,43
с,с,181
с,т,433
с,у,56
с,ф,2
с,х,1
с,ц,6
с,ч,6
с,ш,6
с,ъ,3
с,ы,18
с,ь,25
с,э,1
с,я,16
с,ё,4
с,і,5
с,қ,1
с,ү,1
с,ӑ,1
т,i,1
т,o,2
т,а,177
т,б,2
т,в,92
т,г,3
т,д,2
т,е,272
т,з,5
т,и,159
т,к,20
т,л,24
т,м,18
т,н,20
т,о,236
т,п,3
т,р,134
т,с,55
т,т,5
т,у,83
т,ч,14
т,ш,2
т,ъ,1
т,ы,31
т,ь,66
т,э,2
т,ю,3
т,я,5
т,ё,1
т,і,2
т,ү,2
т,ә,1
т,ӧ,1
т,ө,3
у,а,17
у,б,11
у,в,1
у,г,26
у,д,25
у,е,18
у,ж,36
у,з,14
у,й,2
у,к,27
у,л,47
у,м,7
у,н,59
у,о,1
у,п,88
у,р,46
у,с,51
у,т,38
у,у,2
у,х,4
у,ц,7
у,ч,36
у,ш,5
у,щ,2
у,э,1
у,ю,3
ф,а,17
ф,е,46
ф,и,60
ф,к,1
ф,л,14
ф,н,1
ф,о,47
ф,р,16
ф,с,25
ф,т,3
ф,у,5
ф,ш,1
ф,ь,2
ф,ё,7
ф,і,1
х,i,2
х,а,54
х,в,3
х,е,4
х,и,25
х,к,1
х,м,3
х,н,14
х,о,45
х,р,36
х,с,3
х,т,6
х,у,14
х,ъ,1
х,і,1
ц,i,1
ц,а,59
ц,б,1
ц,в,3
ц,г,1
ц,е,56
ц,з,1
ц,и,236
ц,к,76
ц,н,1
ц,о,2
ц,р,9
ц,с,2
ц,у,3
ц,х,1
ц,ц,1
ц,ы,14
ц,ь,4
ц,э,1
ц,ю,1
ц,і,3
ч,а,48
ч,е,171
ч,и,33
ч,к,5
ч,л,4
ч,м,1
ч,н,31
ч,о,7
ч,п,1
ч,т,11
ч,у,12
ч,ф,2
ч,ц,1
ч,ш,2
ч,ы,1
ч,ь,11
ч,ю,1
ч,ё,5
ч,ӧ,1
ш,а,48
ш,в,2
ш,г,1
ш,е,60
ш,и,32
ш,к,49
ш,л,7
ш,н,14
ш,о,5
ш,п,2
ш,т,33
ш,у,6
ш,ы,2
ш,ь,3
ш,э,3
ш,ё,2
щ,а,12
щ,е,41
щ,и,17
щ,н,3
щ,у,1
ъ,е,4
ъ,с,1
ъ,ф,1
ъ,я,3
ы,e,1
ы,б,2
ы,в,3
ы,д,3
ы,е,33
ы,ж,2
ы,з,7
ы,й,63
ы,к,15
ы,л,5
ы,м,11
ы,н,8
ы,п,4
ы,р,1
ы,с,9
ы,т,10
ы,х,60
ы,ч,2
ы,ш,9
ы,щ,1
ы,і,1
ы,қ,1
ы,ң,1
ь,б,5
ь,в,1
ь,г,7
ь,д,3
ь,е,18
ь,з,1
ь,и,11
ь,к,10
ь,л,1
ь,м,1
ь,н,37
ь,с,24
ь,т,1
ь,ф,2
ь,х,2
ь,ш,2
ь,ю,4
ь,я,22
э,в,1
э,г,1
э,д,15
э,з,5
э,й,2
э,к,21
э,л,4
э,м,5
э,н,21
э,п,4
э,р,6
э,с,55
э,т,18
э,у,2
э,ф,2
э,х,1
э,ч,2
э,э,4
э,ў,1
ю,д,3
ю,ж,11
ю,з,14
ю,к,5
ю,л,4
ю,м,3
ю,н,3
ю,п,2
ю,р,24
ю,с,4
ю,т,9
ю,ч,11
ю,щ,5
я,n,7
я,б,1
я,в,4
я,г,5
я,д,12
я,е,2
я,ж,4
я,з,27
я,й,1
я,к,23
я,л,3
я,м,7
я,н,58
я,п,2
я,р,15
я,с,17
я,т,30
я,х,9
я,ц,3
я,ч,6
я,щ,4
я,э,2
я,ю,1
я,я,1
я,ў,2
я,ң,1
ё,в,5
ё,з,2
ё,л,1
ё,м,2
ё,н,1
ё,р,3
ё,с,1
ё,т,4
ё,х,1
ђ,е,1
є,д,2
є,м,1
є,є,1
і,а,2
і,в,2
і,г,1
і,д,3
і,з,5
і,й,4
і,к,5
і,л,4
і,м,12
і,н,6
і,п,1
і,с,4
і,т,1
і,х,2
і,ч,5
і,я,1
і,ї,1
і,ң,4
ї,в,1
ї,н,3
ј,а,2
ј,е,6
ј,и,1
ј,к,6
ј,с,5
ј,у,1
њ,а,1
ћ,е,3
ћ,и,1
ў,в,1
ў,с,4
ў,т,1
ѣ,й,1
ғ,а,4
ғ,о,2
ғ,ы,1
җ,а,1
җ,ә,1
қ,а,12
қ,с,4
қ,т,2
қ,у,1
қ,ы,3
қ,қ,1
ң,г,1
ң,д,1
ң,к,1
ү,н,1
ұ,м,1
ұ,р,1
ҳ,а,1
ҳ,о,2
ҷ,и,1
ә,l,13
ә,а,1
ә,с,1
ә,х,1
ә,ш,1
ә,ү,1
ө,л,2
ӯ,ҳ,1
ա,կ,1
ա,ն,8
ա,շ,1
ա,ս,1
ա,տ,3
ա,ր,8
ա,ց,1
բ,ո,1
գ,ե,1
գ,ի,1
գ,յ,1
ե,ն,2
ե,տ,1
ե,ր,7
ե,ւ,3
ե,փ,1
է,ս,1
ի,ա,1
ի,ն,1
ի,ս,1
ի,տ,2
ի,և,1
լ,ե,1
լ,ի,2
լ,յ,1
լ,ո,1
կ,ա,1
կ,ր,1
հ,ա,2
ղ,թ,1
մ,ա,4
մ,ե,3
մ,ի,1
յ,ա,1
յ,ն,1
ն,ա,1
ն,ե,2
ն,ի,2
ո,լ,3
ո,պ,2
ո,ր,1
ո,ւ,1
չ,ե,1
պ,ր,1
ռ,ն,1
ս,ա,1
ս,ե,1
ս,ի,2
ս,ո,1
ս,տ,2
ս,և,3
վ,ա,2
վ,ե,1
վ,ի,1
վ,կ,1
տ,ո,1
տ,ր,2
ր,ի,2
ր,կ,1
ր,ջ,2
ւ,ն,1
փ,ո,2
ք,ը,1
ք,ն,1
ք,ր,2
և,ա,1
א,ב,1
א,ה,1
א,ו,1
א,ח,1
א,י,1
א,ס,1
א,צ,1
א,ר,2
ב,ז,1
ב,מ,1
ג,א,1
ג,ו,1
ד,י,2
ד,ן,1
ה,ל,1
ה,מ,3
ה,ש,1
ו,א,1
ו,ד,2
ו,ו,1
ו,ח,1
ו,ל,2
ו,מ,1
ו,ן,3
ו,נ,1
ו,ס,1
ו,פ,1
ו,ר,1
ו,ש,1
ח,ה,1
ט,ו,2
ט,ל,1
ט,ר,1
י,א,1
י,ב,1
י,ה,1
י,ל,1
י,ם,5
י,ן,2
י,ע,1
י,ר,1
י,ש,2
י,ת,1
כ,נ,1
כ,ר,1
ל,א,1
ל,ב,1
ל,ג,1
ל,ה,1
ל,כ,2
ל,מ,2
מ,ב,1
מ,ו,1
מ,י,1
מ,ל,1
מ,ע,1
מ,פ,1
מ,ר,3
נ,ד,1
נ,ה,1
נ,י,3
נ,ע,1
נ,פ,2
ס,י,1
ס,ע,1
ע,ס,1
פ,י,1
צ,ב,1
צ,י,2
צ,ר,1
ק,י,1
ר,א,2
ר,ה,1
ר,ו,2
ר,ט,1
ר,י,1
ר,כ,2
ר,ת,1
ש,ר,1
ת,ל,1
ת,פ,1
آ,ر,1
آ,ل,6
آ,م,1
أ,ب,2
أ,د,1
أ,ل,1
أ,ن,1
إ,ب,1
إ,د,1
إ,ر,1
إ,س,1
إ,م,2
ئ,ا,4
ئ,ر,1
ئ,و,3
ئ,ۈ,3
ئ,ې,3
ا,ئ,1
ا,ب,2
ا,ة,1
ا,ت,3
ا,د,2
ا,ر,7
ا,س,9
ا,ش,1
ا,ص,1
ا,غ,2
ا,ف,4
ا,ق,2
ا,ك,2
ا,ل,56
ا,م,3
ا,ن,9
ا,ه,2
ا,و,2
ا,ي,1
ا,ی,3
ب,ا,1
ب,ة,1
ب,ح,3
ب,ر,1
ب,ط,2
ب,ن,11
ب,و,2
ب,ي,5
ب,ھ,1
ت,ا,8
ت,ش,1
ت,ص,1
ت,و,8
ت,ي,1
ت,ڭ,1
ت,ۇ,4
ت,ۈ,1
ت,ە,3
ث,ا,5
ث,ر,1
ج,د,1
ج,ز,1
ج,م,1
ج,ي,2
ج,ۇ,1
ح,ة,1
ح,د,1
ح,ر,1
ح,ز,2
ح,س,3
ح,ش,1
ح,ل,2
ح,م,4
خ,ا,2
خ,ل,5
خ,و,1
خ,ە,1
د,ا,5
د,ب,1
د,ر,1
د,ش,1
د,ع,1
د,ن,2
د,و,3
د,ي,1
د,ۇ,1
د,ە,1
ر,ؤ,1
ر,ا,14
ر,ب,1
ر,ت,3
ر,ح,1
ر,س,3
ر,ش,1
ر,ق,1
ر,ك,1
ر,ل,1
ر,م,1
ر,و,3
ر,ى,2
ر,ي,8
ر,پ,2
ر,چ,1
ر,ۈ,3
ر,ی,1
ز,ل,1
ز,ي,1
س,ا,3
س,ت,2
س,ر,1
س,ع,4
س,ف,1
س,ل,2
س,ن,2
س,و,3
س,ى,3
س,ي,3
س,ی,1
ش,ا,6
ش,د,1
ش,ر,1
ش,ق,2
ش,ى,1
ش,ي,3
ش,ۇ,1
ش,ە,3
ص,ا,1
ض,ا,1
ط,ا,2
ط,ب,1
ط,ة,1
ط,ر,1
ط,ی,1
ظ,ا,1
ع,ب,10
ع,ر,6
ع,ز,3
ع,ف,2
ع,ق,1
ع,ل,1
ع,م,1
ع,ي,1
غ,ا,4
غ,و,1
ف,ا,1
ف,ة,1
ف,ر,3
ف,و,1
ق,ا,2
ق,د,2
ق,ذ,1
ق,س,1
ق,ط,1
ق,ق,1
ق,م,1
ق,ن,1
ق,و,1
ق,ى,4
ق,ۇ,3
ق,ە,1
ك,ة,1
ك,ح,1
ك,ل,1
ك,ن,1
ك,و,2
ك,ۆ,2
ك,ۇ,1
ك,ە,1
ل,ا,3
ل,ب,1
ل,ة,1
ل,ت,1
ل,ج,1
ل,د,2
ل,س,1
ل,ه,5
ل,و,1
ل,ى,5
ل,ي,4
م,ا,1
م,ة,1
م,ت,1
م,ح,7
م,د,5
م,ر,3
م,ص,1
م,ع,2
م,غ,1
م,ق,1
م,ك,1
م,ل,5
م,ن,1
م,و,2
م,ى,1
م,ي,4
م,چ,3
م,ۇ,1
ن,ا,3
ن,ج,3
ن,ز,1
ن,س,3
ن,ظ,1
ن,ف,2
ن,ه,3
ن,و,1
ن,ى,7
ن,ي,8
ن,چ,1
ن,ی,3
ه,ر,2
ه,ن,1
ه,ي,2
و,ا,1
و,ة,2
و,د,3
و,ر,2
و,ش,1
و,ف,4
و,ل,2
و,ه,1
و,و,1
و,ڈ,1
و,گ,1
ى,ت,1
ى,س,2
ى,ش,2
ى,ك,1
ى,م,1
ى,ي,1
ى,ڭ,2
ي,ا,2
ي,ب,2
ي,ة,3
ي,ت,3
ي,ج,1
ي,ح,1
ي,د,5
ي,ر,3
ي,ز,2
ي,س,1
ي,ع,1
ي,ف,3
ي,ل,1
ي,م,8
ي,ن,5
ي,و,7
ي,ى,3
ي,ې,2
ي,ە,2
پ,ا,4
پ,ن,2
پ,ښ,1
پ,ی,1
پ,ە,1
چ,ا,2
چ,و,2
چ,ۆ,1
چ,ە,2
ک,ت,1
ک,س,1
ڭ,خ,1
ڭ,ر,1
ڭ,غ,1
ڭ,ى,2
گ,ل,1
گ,ى,2
ھ,ر,1
ھ,ى,1
ھ,ە,1
ۇ,ر,2
ۇ,ق,1
ۋ,ا,1
ی,ن,1
ی,ه,1
ە,ر,1
ە,ن,1
ܒ,ܥ,1
ܝ,ܡ,1
ܝ,ܢ,1
ܡ,ܪ,1
ܫ,ܡ,1
अ,ध,1
आ,श,1
इ,न,1
उ,च,1
उ,त,1
ए,भ,1
ए,स,2
क,त,1
क,न,1
क,ल,1
क,स,1
ख,ण,1
ग,ण,2
ग,ल,1
च,ल,1
छ,ल,1
ज,न,2
ज,य,10
ज,र,1
ज,ल,1
त,प,1
त,र,1
त,व,3
ध,न,1
न,ई,1
न,म,1
प,द,1
भ,य,1
भ,व,1
म,न,1
म,र,1
म,स,1
म,ह,2
य,क,2
य,म,1
य,र,1
य,व,1
र,त,4
र,म,2
ल,च,1
व,स,1
स,ग,1
ह,ज,1
এ,স,1
ਈ,ਸ,1
ਐ,ਸ,2
એ,સ,1
ર,ત,1
இ,ந,1
இ,ல,1
எ,ஸ,1
க,ப,1
ఎ,స,1
ಎ,ಸ,1
ರ,ತ,2
ഇ,സ,1
എ,സ,1
ര,ത,1
ก,ม,1
ก,ร,2
ก,ล,3
ก,ะ,1
ก,า,1
ข,ง,1
ง,เ,1
จ,พ,9
จ,อ,1
ช,ม,1
ช,อ,1
ฎ,เ,1
ด,ฟ,1
ด,ล,1
ต,เ,2
ท,ธ,3
ท,ศ,1
น,ท,1
น,น,1
ป,ก,1
ป,ร,2
พ,ร,10
พ,ล,1
ภ,า,1
ม,ง,1
ม,ห,2
ม,เ,1
ย,ญ,1
ย,ม,1
ย,อ,1
ร,ย,1
ร,ะ,10
ร,า,5
ร,เ,1
ล,ง,1
ล,จ,1
ล,ย,1
ล,า,3
ว,ภ,1
ว,อ,1
ศ,ห,1
ศ,า,2
ส,ม,9
ส,โ,2
ห,อ,2
ห,า,4
ฬ,า,1
อ,ด,1
อ,ม,1
ะ,บ,9
ะ,ป,1
ะ,เ,1
า,จ,2
า,ณ,1
า,ท,9
า,น,2
า,ว,1
า,อ,7
า,เ,5
ำ,โ,1
เ,ก,2
เ,จ,3
เ,ด,10
เ,ท,1
เ,ล,1
เ,อ,2
แ,ม,1
โ,ล,1
ไ,ต,1
ไ,ท,3
ນ,ລ,1
າ,ວ,1
ག,ང,3
ཅ,ན,1
ད,ཀ,2
ད,ང,1
པ,ར,1
ཕ,ག,1
བ,ཀ,2
བ,ར,2
མ,ཚ,1
མ,ཛ,1
མ,འ,1
འ,བ,2
မ,န,1
ა,ნ,1
ა,რ,1
ა,ს,1
ა,ტ,2
ა,ძ,1
ა,ხ,1
ბ,ა,1
ბ,ე,1
ბ,უ,1
გ,ა,1
გ,რ,1
გ,უ,1
დ,ე,1
დ,ი,1
ე,დ,1
ე,ლ,1
ე,ნ,3
ე,რ,1
ე,ს,1
ე,ტ,1
ე,ყ,1
ვ,ა,1
ვ,ე,2
ვ,კ,1
ვ,რ,1
ზ,ვ,1
თ,ბ,1
თ,დ,1
თ,ი,1
ი,ა,1
ი,თ,1
ი,ლ,1
ი,ო,2
ი,რ,1
ი,ს,2
ი,ტ,1
ი,უ,1
კ,ა,2
კ,რ,1
ლ,ა,2
ლ,ი,2
ლ,ო,2
მ,ე,1
მ,ი,1
მ,ო,1
მ,ს,1
მ,ც,1
ნ,ა,1
ნ,ე,1
ნ,ი,4
ნ,ო,1
ო,ლ,2
ო,პ,1
პ,რ,1
რ,დ,2
რ,ე,1
რ,თ,2
რ,ი,3
რ,ჯ,1
ს,ა,3
ს,ო,1
ს,პ,1
ტ,ი,1
ტ,ო,1
ტ,რ,1
უ,ა,1
უ,ბ,1
უ,რ,1
ქ,ა,2
ქ,ვ,1
ყ,ვ,1
შ,ე,2
ძ,ე,1
ხ,უ,1
ም,ሩ,1
ር,ቱ,1
ቱ,ሉ,1
ቶ,ኒ,1
ኢ,ት,1
ኤ,ስ,1
ይ,ፍ,1
ዮ,ጵ,1
ደ,ራ,1
ጠ,ር,1
ᐃ,ᑦ,1
ᐃ,ᒃ,1
ᐃ,ᒡ,2
ᐃ,ᓄ,2
ᐃ,ᕐ,3
ᐃ,ᕗ,1
ᐃ,ᖃ,4
ᐅ,ᑦ,1
ᐅ,ᑳ,3
ᐅ,ᒥ,1
ᐅ,ᔭ,2
ᐅ,ᖁ,1
ᐊ,ᐅ,2
ᐊ,ᑯ,1
ᐊ,ᓗ,1
ᐊ,ᖅ,4
ᐊ,ᖏ,1
ᐋ,ᓯ,1
ᐱ,ᐊ,1
ᐱ,ᖁ,1
ᐳ,ᕕ,1
ᐸ,ᓗ,1
ᐸ,ᕗ,1
ᐸ,ᖓ,1
ᐸ,ᖕ,1
ᑉ,ᓗ,2
ᑎ,ᑎ,3
ᑎ,ᑭ,1
ᑎ,ᒪ,1
ᑎ,ᓪ,1
ᑏ,ᑦ,2
ᑏ,ᒃ,2
ᑐ,ᐅ,1
ᑐ,ᐊ,1
ᑐ,ᑦ,1
ᑐ,ᖅ,2
ᑕ,ᓕ,1
ᑕ,ᓯ,1
ᑕ,ᕐ,1
ᑦ,ᑎ,1
ᑦ,ᑐ,1
ᑦ,ᓯ,1
ᑦ,ᔪ,2
ᑭ,ᓗ,1
ᑭ,ᓪ,1
ᑭ,ᕙ,1
ᑭ,ᖕ,1
ᑭ,ᙵ,1
ᑯ,ᑦ,1
ᑰ,ᑦ,2
ᑲ,ᓇ,4
ᑲ,ᖏ,6
ᒃ,ᑎ,1
ᒋ,ᔭ,1
ᒑ,ᐱ,2
ᒡ,ᓕ,1
ᒣ,ᓚ,1
ᒥ,ᐊ,2
ᒥ,ᑦ,1
ᒥ,ᓂ,1
ᒥ,ᕈ,1
ᓂ,ᑦ,1
ᓂ,ᕆ,2
ᓂ,ᖅ,2
ᓄ,ᐊ,1
ᓄ,ᓇ,2
ᓇ,ᓂ,1
ᓇ,ᓚ,1
ᓇ,ᖏ,2
ᓇ,ᖕ,1
ᓕ,ᐊ,1
ᓕ,ᒑ,1
ᓕ,ᓂ,1
ᓕ,ᕕ,1
ᓕ,ᖅ,1
ᓗ,ᐃ,3
ᓗ,ᒃ,1
ᓗ,ᓕ,1
ᓗ,ᓪ,1
ᓘ,ᒃ,1
ᓚ,ᐅ,3
ᓪ,ᓕ,1
ᓯ,ᒃ,1
ᓯ,ᕕ,1
ᓱ,ᑦ,1
ᓴ,ᒡ,1
ᓴ,ᓂ,2
ᓴ,ᓚ,1
ᓴ,ᓪ,1
ᓴ,ᙱ,1
ᓵ,ᑦ,1
ᓵ,ᒃ,1
ᔨ,ᕕ,1
ᔪ,ᐃ,1
ᔪ,ᐊ,5
ᔪ,ᑎ,1
ᔪ,ᓗ,1
ᔪ,ᖅ,1
ᔭ,ᑏ,1
ᔭ,ᖅ,1
ᕋ,ᐅ,3
ᕋ,ᔭ,1
ᕋ,ᕐ,1
ᕌ,ᐱ,1
ᕐ,ᒥ,1
ᕐ,ᓂ,1
ᕐ,ᓱ,1
ᕐ,ᔪ,2
ᕐ,ᔾ,1
ᕗ,ᑦ,1
ᕙ,ᒃ,1
ᕙ,ᓪ,1
ᕿ,ᑭ,1
ᕿ,ᓐ,1
ᖁ,ᐊ,1
ᖃ,ᐅ,1
ᖃ,ᒪ,1
ᖅ,ᐳ,2
ᖅ,ᑐ,2
ᖅ,ᑕ,2
ᖅ,ᓱ,2
ᖅ,ᖠ,1
ᖑ,ᓯ,1
ᖑ,ᓰ,2
ᚱ,ᚨ,1
ᚷ,ᚢ,1
ᛉ,ᛞ,1
ᛊ,ᚲ,1
ᛏ,ᛁ,1
ក,ម,1
គ,រ,1
ត,ម,1
ន,រ,1
ហ,ម,1
អ,ង,1
ᠯ,ᡳ,1
ᠰ,ᠠ,1
ᠶ,ᠠ,1
ᡠ,ᠯ,1
ᡥ,ᠠ,1
ḍ,ī,1
ḍ,ḍ,1
ḑ,a,2
ḑ,i,7
ḑ,l,4
ḑ,r,1
ḑ,ā,2
ḥ,a,7
ḥ,i,1
ḥ,k,1
ḥ,m,5
ḥ,r,1
ḥ,u,6
ḥ,ā,3
ḩ,a,176
ḩ,b,2
ḩ,i,132
ḩ,k,1
ḩ,l,1
ḩ,m,27
ḩ,o,3
ḩ,r,3
ḩ,t,1
ḩ,u,62
ḩ,w,1
ḩ,y,3
ḩ,ā,10
ḩ,ī,1
ḩ,ţ,1
ḩ,ū,1
ḫ,a,2
ḫ,ḫ,1
ḯ,d,2
ṃ,d,1
ṃ,s,2
ṅ,g,3
ṅ,k,1
ṇ,a,2
ṇ,e,2
ṇ,i,3
ṇ,ā,3
ṇ,ī,25
ṇ,ḍ,2
ṙ,h,1
ṛ,g,1
ṛ,t,1
ṣ,a,2
ṣ,i,3
ṣ,r,1
ṣ,ū,2
ṭ,a,8
ṭ,h,1
ṭ,i,4
ṭ,ā,1
ṭ,ē,1
ṭ,ṭ,3
ẓ,a,1
ẓ,ā,3
ẕ,e,4
ẕ,ā,3
ẖ,a,4
ẖ,e,1
ẖ,u,1
ẟ,e,1
ạ,m,3
ả,i,3
ả,n,4
ả,o,1
ấ,n,1
ấ,t,2
ầ,n,28
ầ,u,1
ậ,t,4
ắ,c,1
ắ,n,2
ế,n,4
ể,u,1
ễ,n,36
ệ,m,1
ệ,n,3
ệ,p,3
ệ,t,3
ỉ,r,1
ị,n,3
ọ,c,2
ọ,n,2
ố,g,1
ồ,n,1
ỗ,t,1
ợ,n,1
ụ,n,1
ụ,y,1
ỳ,n,1
ἀ,θ,1
ἀ,κ,1
ἀ,λ,2
ἀ,μ,2
ἀ,ν,5
ἀ,π,8
ἀ,ρ,4
ἀ,τ,1
ἀ,φ,1
ἀ,ψ,1
ἁ,ρ,2
ἄ,θ,1
ἄ,λ,2
ἄ,ν,2
ἐ,γ,2
ἐ,κ,2
ἐ,λ,3
ἐ,ν,4
ἐ,ξ,1
ἐ,π,1
ἐ,ρ,2
ἐ,σ,1
ἐ,τ,1
ἑ,α,1
ἑ,λ,3
ἑ,τ,2
ἔ,γ,1
ἔ,δ,1
ἔ,ρ,2
ἔ,τ,1
ἔ,χ,1
ἕ,λ,1
ἕ,ν,1
ἕ,ρ,1
ἕ,τ,1
ἡ,μ,2
ἡ,ρ,1
ἤ,δ,2
ἤ,κ,1
ἤ,ρ,1
ἥ,δ,1
ἥ,φ,1
ἦ,θ,1
ἰ,δ,1
ἰ,λ,1
ἰ,ο,1
ἰ,ω,1
ἱ,ε,1
ἱ,κ,1
ὀ,δ,2
ὀ,κ,1
ὀ,ρ,1
ὁ,λ,1
ὁ,μ,2
ὄ,ρ,1
ὄ,ψ,1
ὅ,λ,1
ὅ,μ,1
ὅ,π,1
ὅ,τ,2
ὑ,π,1
ὕ,μ,2
ὠ,ν,2
ὡ,ς,1
ὥ,ς,1
ὧ,ν,1
ὸ,ν,2
ὸ,ς,1
ὺ,ς,2
ᾅ,δ,2
ᾶ,τ,1
ᾷ,ς,1
ῃ,τ,1
ῆ,ς,2
ῖ,ν,4
ῖ,ο,2
ῖ,ρ,2
ῖ,ς,2
ῖ,σ,1
ῥ,ᾳ,1
ῦ,θ,1
ῦ,ν,1
ῦ,ρ,1
ῦ,ς,1
ῦ,τ,2
ῶ,μ,1
ῶ,ν,4
ῶ,τ,4
い,も,1
う,と,1
え,い,1
え,え,1
お,う,1
お,お,2
お,み,1
き,い,1
き,ゃ,1
き,ゅ,1
き,ょ,1
ぎ,ゃ,1
ぎ,ゅ,1
ぎ,ょ,1
く,じ,1
け,っ,1
こ,ん,1
ご,も,1
さ,ん,1
し,ゃ,1
し,ゅ,1
し,ょ,1
じ,ゃ,1
じ,ゅ,1
じ,ょ,1
た,ま,1
ち,ゃ,1
ち,ゅ,1
ち,ょ,1
ぢ,ゃ,1
ぢ,ゅ,1
ぢ,ょ,1
で,い,1
と,み,1
な,り,1
に,ゃ,1
に,ゅ,1
に,ょ,1
ね,ん,1
ひ,ゃ,1
ひ,ゅ,1
ひ,ょ,1
び,ゃ,1
び,ゅ,1
び,ょ,1
ぴ,ゃ,1
ぴ,ゅ,1
ぴ,ょ,1
ま,き,1
ま,つ,1
ま,で,1
ま,ど,1
み,た,1
み,な,1
み,ゃ,1
み,ゅ,1
み,ょ,1
も,か,1
も,め,1
ら,い,1
り,か,1
り,ゃ,1
り,ゅ,1
り,ょ,1
り,ん,1
わ,ら,1
ア,イ,1
ア,ス,1
ア,ニ,1
ア,マ,1
イ,ド,1
イ,ン,1
ウ,ン,1
エ,ス,1
キ,株,1
ケ,ン,1
コ,ー,1
ス,ズ,1
ゼ,ッ,1
タ,ワ,1
タ,自,1
テ,ラ,1
ト,コ,1
ト,タ,1
ト,ニ,1
ト,ヨ,1
ト,ラ,1
ド,マ,1
ド,ル,1
ナ,ル,1
ポ,ー,1
ミ,ク,1
ム,ラ,1
メ,ト,1
モ,ノ,6
ラ,ン,1
リ,ャ,1
ル,線,1
レ,ー,6
ヶ,谷,1
ー,ク,1
ー,ム,1
ー,ラ,1
ー,ン,1
一,中,1
七,台,2
三,十,1
三,星,1
上,海,2
上,甘,1
下,鉄,2
下,関,1
且,末,1
东,北,1
东,宁,1
东,安,1
东,山,1
东,西,1
东,风,1
丝,绸,1
严,道,1
中,区,1
中,卫,1
中,吉,1
中,国,6
中,國,2
中,央,2
中,心,2
中,村,1
中,正,1
丰,县,1
临,汾,2
临,沧,1
丽,江,1
之,国,1
之,路,1
乌,伊,1
乌,兰,1
乌,江,1
乌,海,1
乌,马,1
乌,鲁,2
乐,山,2
乔,戈,1
乙,矢,1
九,寨,1
九,廣,1
九,里,1
乡,宁,1
买,鱼,1
二,郎,1
云,龙,1
五,大,1
五,常,1
五,經,1
五,营,1
亚,丁,1
京,都,1
人,大,1
人,民,1
人,見,1
仁,義,1
仁,親,1
仙,台,2
仙,山,1
代,に,1
代,は,1
伊,奈,1
伊,宁,1
伊,春,3
会,社,4
伯,特,1
佐,久,2
佐,吉,1
佳,木,2
依,兰,1
依,安,1
侯,马,1
俊,輔,1
保,土,1
保,定,1
保,山,1
保,険,1
倉,線,1
優,子,1
儿,女,1
先,生,1
光,武,1
克,东,1
克,山,1
克,拉,1
兒,女,1
全,国,1
全,農,1
八,千,1
公,署,1
六,景,1
兰,州,1
兰,西,1
兴,安,2
兴,山,1
内,江,1
准,噶,1
凱,斗,1
切,腹,1
刘,备,1
初,音,1
前,橋,1
前,进,1
剣,道,3
劉,備,1
功,夫,1
加,格,1
动,力,1
勃,利,1
動,車,1
包,头,1
北,九,1
北,京,1
北,区,1
北,安,1
北,斎,1
北,林,1
北,海,2
北,線,1
医,学,1
医,科,1
千,代,1
千,葉,3
半,凶,1
半,吉,1
卓,奥,1
協,同,1
南,充,1
南,区,2
南,山,1
南,岔,1
南,岗,1
南,港,1
博,乐,1
县,志,1
县,级,3
友,好,1
友,山,1
友,谊,1
双,城,1
双,鸭,2
口,市,1
古,县,1
古,流,1
台,北,2
台,区,1
台,灣,1
合,刀,1
合,気,1
吉,县,1
同,江,1
名,古,3
名,山,1
吐,鲁,2
向,阳,2
吕,梁,1
君,が,2
君,子,1
吳,氏,1
吴,忠,1
呼,中,1
呼,伦,1
呼,兰,1
呼,和,1
呼,玛,1
和,歌,1
和,田,1
咸,阳,1
咸,陽,1
哈,密,1
哈,尔,4
唐,山,1
商,朝,1
商,洛,1
喀,什,1
善,盟,1
喜,一,1
営,地,1
嘉,荫,1
嘉,陵,1
四,姑,1
四,川,3
四,方,1
固,原,1
图,区,1
地,下,6
地,区,3
地,级,1
地,铁,3
城,区,1
城,厢,1
城,子,1
塔,什,1
塔,克,1
塔,城,1
塔,河,1
塔,里,1
士,セ,1
壱,岐,1
多,摩,1
多,斯,1
大,佛,1
大,兴,2
大,凶,1
大,厦,2
大,吉,1
大,同,2
大,娄,1
大,学,4
大,宁,1
大,宮,1
大,山,1
大,庆,2
大,眾,2
大,神,1
大,阪,4
大,韓,1
天,全,1
天,問,1
天,安,2
天,山,2
天,府,1
天,照,2
太,原,1
头,屯,1
女,戦,1
如,来,1
娘,山,1
嫩,江,1
孙,吴,1
孟,达,1
孫,子,1
孫,氏,1
宁,安,1
安,倍,1
安,岭,3
安,康,1
安,泽,1
安,达,1
宜,宾,1
宝,兴,1
宝,山,1
宝,清,1
宝,鸡,1
室,伏,1
室,探,1
宮,崎,1
宮,文,1
宾,县,1
密,山,1
富,士,2
富,嶽,1
富,拉,1
富,裕,1
富,锦,1
察,布,1
寶,雞,1
対,馬,1
小,人,1
小,倉,1
小,兴,1
小,凶,1
小,吉,1
小,沢,1
尔,基,1
尔,盆,1
尔,高,1
尕,楞,1
尖,山,1
尚,志,1
尧,都,1
尼,亚,1
尼,亞,1
尼,雅,1
居,合,2
屋,久,1
屋,城,1
屋,市,1
屯,区,1
山,区,1
山,市,2
山,脉,1
岗,察,1
岛,市,1
岩,槻,1
岭,东,1
岭,区,2
岷,江,1
峨,眉,2
巌,と,1
川,区,1
州,高,1
工,农,1
工,商,1
工,業,1
工,行,1
巴,中,1
巴,克,1
巴,彦,2
巻,藁,2
市,交,1
市,区,2
市,営,5
市,地,1
市,立,1
市,第,1
市,組,1
市,荣,1
市,辖,1
布,洛,1
师,范,1
希,夏,1
帕,米,1
帝,辛,1
带,岭,1
干,沙,1
平,成,1
平,房,1
广,元,1
广,安,1
广,州,1
広,治,1
庄,市,2
庆,安,1
库,尔,2
康,德,1
康,熙,1
廊,坊,1
廣,漢,1
延,安,1
延,寿,1
建,华,1
式,会,1
弓,道,1
张,家,1
张,道,1
张,鲁,1
彝,族,1
彭,城,1
待,つ,1
徐,州,4
徐,悲,2
徐,鸣,1
徳,仁,1
德,阳,1
忻,州,1
性,善,1
性,惡,1
恒,山,1
愛,沙,1
成,都,1
战,国,1
戸,塚,1
手,話,1
手,語,1
手,语,1
承,德,1
技,研,1
把,瑠,1
抚,远,1
拉,玛,1
拜,泉,1
捷,運,3
探,訪,4
攀,枝,1
支,庁,1
政,协,1
政,府,1
数,独,1
文,言,2
文,都,1
斡,尔,1
斬,り,1
斯,市,2
斯,达,1
新,交,3
新,兴,1
新,加,1
新,市,1
新,林,1
新,沂,1
新,洲,1
新,青,1
方,正,1
族,区,1
族,自,1
日,本,4
旭,区,1
时,代,1
昂,昂,1
昆,明,1
昌,吉,1
明,仁,1
明,徳,1
明,水,1
明,珠,1
昭,通,1
時,代,1
晋,三,1
晋,中,1
晋,城,1
晋,美,1
普,洱,1
暮,里,1
曲,沃,1
曲,靖,1
朔,州,1
朗,玛,1
望,奎,1
朝,青,1
木,兰,1
木,刀,1
木,剣,2
木,盆,1
木,齊,1
木,齐,2
末,凶,1
末,吉,1
末,小,1
本,田,1
本,草,2
札,幌,5
李,冰,1
李,娜,1
李,安,1
李,振,1
李,时,1
李,時,1
李,福,1
李,連,1
村,委,1
杜,尔,1
杨,坊,1
杨,坚,1
杨,显,1
杨,简,1
杨,芳,1
杨,衔,1
東,京,5
東,北,1
東,方,1
松,北,1
松,岭,1
松,江,1
林,区,1
林,口,1
林,甸,1
柔,道,1
查,汗,1
栄,区,1
株,式,3
桃,山,1
桜,区,1
桜,島,1
桦,南,1
桦,川,1
梅,里,1
梨,树,1
棉,城,1
楊,氏,1
榆,林,1
横,浜,2
機,場,1
武,士,1
武,昌,1
武,氏,1
武,汉,1
武,道,1
民,國,1
气,功,1
氣,功,1
水,戸,2
水,磨,1
永,和,1
永,红,1
汉,中,1
汉,南,1
汉,源,1
汉,阳,1
江,夏,1
江,岸,1
江,市,2
江,戸,1
江,汉,1
江,省,1
汤,原,1
汤,旺,1
汾,西,1
沖,縄,1
沙,依,1
沛,县,1
沟,区,1
沧,州,1
沱,江,1
河,内,1
河,区,5
河,市,3
治,县,1
治,天,1
泉,区,1
泉,山,1
泰,来,1
泸,州,1
洪,山,1
洪,洞,1
浅,間,1
浦,和,1
浩,特,1
浮,山,1
海,伦,1
海,林,1
涅,槃,1
涼,山,1
淖,尔,1
深,圳,1
清,水,1
渭,南,1
港,北,1
港,南,1
湄,公,1
湖,区,1
湘,南,1
溥,仪,1
溥,儀,1
溪,区,1
满,族,1
满,洲,2
滨,市,2
滴,道,1
滿,洲,1
漠,河,1
漢,中,1
漢,拏,1
漫,画,1
澜,沧,1
濟,州,1
瀛,州,1
瀬,谷,1
瀾,滄,1
烏,魯,1
烟,台,1
熱,田,1
爱,民,1
爱,沙,1
爱,辉,1
牙,含,1
牡,丹,2
牧,委,1
特,別,1
特,区,1
牽,引,1
玉,溪,1
王,军,1
玛,依,1
环,球,2
珠,穆,1
琵,琶,1
瑜,伽,1
甘,南,1
甘,孜,1
生,け,2
生,す,1
生,上,1
生,命,1
甲,矢,1
番,盆,1
異,義,1
白,庄,1
白,蓮,1
白,話,1
白,话,1
白,鹿,1
皇,后,1
盤,庚,1
相,互,1
省,管,1
省,轄,1
眉,山,1
真,耶,1
睢,宁,1
睦,仁,1
石,嘴,1
石,家,2
石,棉,1
石,河,1
矿,业,1
硚,口,1
碾,子,1
磯,子,1
礼,宮,1
神,奈,1
神,宮,1
神,戸,3
神,風,1
祭,酒,1
福,岡,3
禮,義,1
禹,州,1
秋,篠,1
秦,皇,1
积,石,1
移,动,1
稽,古,1
穆,坪,1
穆,棱,1
穌,教,1
空,手,1
米,东,1
精,舍,1
系,統,3
紅,河,1
細,石,1
組,合,1
絹,枝,1
綱,目,1
緑,区,2
織,法,1
红,岗,1
红,星,1
红,河,1
纲,目,1
给,我,1
绥,化,2
绥,棱,1
绥,滨,1
绥,芬,1
绵,阳,1
绿,色,1
罗,布,1
羅,山,1
羌,族,1
美,少,1
美,智,2
美,溪,1
翠,峦,1
翼,城,1
老,爷,1
聖,人,1
聯,外,1
肇,东,1
肇,州,1
肇,源,1
育,大,1
胡,錦,1
胡,锦,1
腹,切,1
臨,海,1
自,動,1
自,治,6
自,贡,1
臺,北,1
舎,人,1
舞,橋,1
艾,丁,1
芦,山,1
芦,阳,1
花,市,1
苔,の,1
若,羌,1
英,吉,1
茄,子,1
茶,道,1
荀,子,1
荒,川,1
荥,经,1
莎,车,1
華,道,1
萝,北,1
萨,尔,1
萬,里,1
葛,飾,1
蒙,古,1
蒙,阳,1
蒲,县,1
蓮,華,1
蔡,甸,1
藏,族,6
蘭,陵,1
虎,林,1
蜀,汉,1
行,政,1
街,子,1
街,道,1
衡,水,1
裕,仁,1
襄,城,1
襄,汾,1
西,区,2
西,安,2
西,康,1
西,林,1
見,沼,1
觀,音,2
解,字,1
許,幸,1
許,慎,1
試,し,1
說,文,1
読,ん,1
让,胡,1
讷,河,1
许,幸,1
许,慎,1
许,昌,2
许,竞,1
豊,原,1
豊,田,2
贝,尔,1
贾,汪,1
资,阳,1
赤,い,1
赤,峰,1
起,亞,1
足,袋,1
跆,拳,1
路,区,1
農,業,1
达,坂,1
达,奇,1
达,州,1
运,城,1
连,池,1
逊,克,1
通,ゆ,1
通,信,1
通,局,2
通,日,1
通,河,1
通,辽,1
速,鉄,1
連,合,1
連,珠,1
遂,宁,1
道,外,1
道,大,1
道,小,1
道,帏,1
道,教,1
道,里,1
邢,台,1
邦,马,1
邯,郸,1
邳,州,1
郊,区,1
部,首,1
郭,勒,1
都,交,1
都,市,3
都,斯,1
都,江,1
都,筑,1
郾,城,1
鄂,尔,1
鄢,陵,1
里,峰,1
金,山,1
金,日,1
金,沙,1
金,沢,1
金,茂,1
金,融,1
金,門,1
釜,岳,1
鉄,南,1
鉄,道,2
銀,杏,1
銅,川,1
鎌,倉,2
鐵,路,2
铁,力,1
铁,峰,1
铜,山,1
铜,川,1
铝,业,1
银,川,1
银,行,1
锡,林,1
長,城,1
长,治,1
长,葛,1
門,廣,1
门,广,1
阳,明,1
阳,泉,1
阿,克,1
阿,勒,1
阿,图,1
阿,坝,1
阿,城,4
阿,拉,1
阿,旺,1
阿,沛,1
阿,特,1
阿,蘇,1
阿,閃,1
陕,西,1
陳,氏,1
隰,县,1
雅,子,1
雅,安,2
雅,礱,1
集,贤,1
離,騷,1
雨,城,1
霍,州,1
青,冈,1
青,城,1
青,山,1
青,葉,1
静,香,1
韓,國,1
頭,無,1
额,尔,1
風,水,1
風,雲,1
风,云,1
饶,河,1
香,坊,1
香,港,1
高,速,2
高,雄,1
魏,都,1
鶴,の,1
鶴,見,1
鸡,东,1
鸡,冠,1
鸡,西,2
鹤,岗,2
鹿,児,1
麒,麟,1
麻,山,1
黄,河,1
黄,陂,1
黄,龙,1
黑,河,2
黑,龍,2
黑,龙,2
黒,い,1
黒,澤,1
黒,竜,1
鼓,楼,1
齐,斯,1
齐,齐,2
龙,凤,1
龙,江,1
龙,沙,1
龟,兹,1
공,사,1
과,사,1
관,음,2
광,역,1
그,룹,2
기,아,1
김,일,1
김,정,1
노,인,1
대,구,1
대,백,1
대,한,1
돈,내,2
망,봉,1
묘,지,1
무,악,1
문,종,1
문,화,1
민,국,1
민,족,1
백,록,2
부,라,1
부,산,1
부,악,1
산,방,1
선,산,1
성,판,1
시,지,1
어,리,2
에,스,2
영,실,1
영,주,1
오,름,2
원,산,1
윗,세,1
윤,선,1
인,천,1
일,보,1
입,력,1
자,동,1
정,차,1
제,주,2
조,선,1
중,앙,1
지,질,2
지,하,2
진,산,1
충,혼,1
케,이,1
탐,방,5
태,권,1
토,니,1
하,철,1
학,회,1
한,국,2
한,나,2
한,라,3
현,원,1
ﬀ,e,4
ﬁ,n,1
ﬂ,e,1
ﬂ,u,1
𐌲,𐌿,1
𐌶,𐌳,1
𐍂,𐌰,1
𐍃,𐌺,1
𐍄,𐌹,1
